"TestId","TagId","Date","Time","No.Nodes","x.est","y.est","x.ci.lower","x.ci.upper","y.ci.lower","y.ci.upper"
"072D524C 2021-08-03 16:36:00","072D524C","2021-08-03","16:36:00",3,411083.887653076,4261024.6447402,410881.228599363,411286.54670679,4260712.53438087,4261336.75509953
"072D524C 2021-08-03 16:39:00","072D524C","2021-08-03","16:39:00",4,411477.199262072,4261131.3256886,411423.619425912,411530.779098232,4261090.02194226,4261172.62943495
"072D524C 2021-08-03 16:45:00","072D524C","2021-08-03","16:45:00",4,411433.591261816,4261029.0590108,411273.641075032,411593.541448599,4260895.6469971,4261162.4710245
"072D524C 2021-08-03 16:48:00","072D524C","2021-08-03","16:48:00",3,411621.347372242,4261130.87716629,410813.993417585,412428.7013269,4260464.71156193,4261797.04277066
"072D524C 2021-08-03 16:51:00","072D524C","2021-08-03","16:51:00",3,411612.986169137,4261091.47538811,410248.864750188,412977.107588087,4259992.28339687,4262190.66737935
"072D524C 2021-08-03 17:06:00","072D524C","2021-08-03","17:06:00",3,411759.256510824,4261025.79082604,411308.850119055,412209.662902593,4260055.1295465,4261996.45210559
"072D524C 2021-08-03 17:09:00","072D524C","2021-08-03","17:09:00",5,411564.99142699,4261218.30070493,411392.625965933,411737.356888046,4261039.0166973,4261397.58471256
"072D524C 2021-08-03 17:12:00","072D524C","2021-08-03","17:12:00",5,411510.714596313,4261451.91294253,411475.406348087,411546.02284454,4261419.80904441,4261484.01684066
"072D524C 2021-08-03 17:15:00","072D524C","2021-08-03","17:15:00",5,411327.547306644,4261719.17574013,411219.179415949,411435.915197339,4261625.09109775,4261813.26038251
"072D524C 2021-08-03 17:18:00","072D524C","2021-08-03","17:18:00",7,411085.404446903,4261843.16154796,410995.483959957,411175.324933848,4261765.00520833,4261921.31788758
"072D524C 2021-08-03 17:21:00","072D524C","2021-08-03","17:21:00",5,411048.798815196,4261213.06530419,410901.896563284,411195.701067108,4261047.95942059,4261378.17118779
"072D524C 2021-08-03 17:24:00","072D524C","2021-08-03","17:24:00",5,411033.870961879,4261180.32905943,410838.940689322,411228.801234436,4261009.22486578,4261351.43325308
"072D524C 2021-08-03 17:27:00","072D524C","2021-08-03","17:27:00",5,411190.083214016,4261694.56637547,411005.559864376,411374.606563655,4261505.09741748,4261884.03533346
"072D524C 2021-08-03 17:30:00","072D524C","2021-08-03","17:30:00",6,411112.428122946,4261670.60557788,410986.83175895,411238.024486942,4261566.39486999,4261774.81628577
"072D524C 2021-08-03 17:33:00","072D524C","2021-08-03","17:33:00",5,411193.934915946,4261746.53502995,410842.56367096,411545.306160931,4261384.144988,4262108.9250719
"072D524C 2021-08-03 17:36:00","072D524C","2021-08-03","17:36:00",6,411059.393368979,4261559.42540794,410889.188567715,411229.598170242,4261378.53210551,4261740.31871037
"072D524C 2021-08-03 17:39:00","072D524C","2021-08-03","17:39:00",7,411015.852178594,4261754.62317246,410915.46922537,411116.235131818,4261647.81171003,4261861.43463489
"072D524C 2021-08-03 17:42:00","072D524C","2021-08-03","17:42:00",7,411064.043113773,4261872.13514402,410954.129898276,411173.95632927,4261773.73594064,4261970.5343474
"072D524C 2021-08-03 17:45:00","072D524C","2021-08-03","17:45:00",7,410962.996707699,4261902.31707504,410876.173370134,411049.820045265,4261802.28362916,4262002.35052093
"072D524C 2021-08-03 17:48:00","072D524C","2021-08-03","17:48:00",5,410710.5157817,4261855.02297783,410642.955451768,410778.076111632,4261788.9143447,4261921.13161096
"072D524C 2021-08-03 17:51:00","072D524C","2021-08-03","17:51:00",3,411300.190833004,4262243.50263328,411076.812359043,411523.569306965,4261423.30068796,4263063.7045786
"072D524C 2021-08-04 16:12:00","072D524C","2021-08-04","16:12:00",6,411488.039873347,4261280.59131403,411397.014956248,411579.064790446,4261211.03843069,4261350.14419736
"072D524C 2021-08-04 16:24:00","072D524C","2021-08-04","16:24:00",3,410929.90314247,4262156.46494364,410393.314220039,411466.492064902,4261491.57578461,4262821.35410268
"072D524C 2021-08-04 16:27:00","072D524C","2021-08-04","16:27:00",5,411053.844694092,4261717.49440835,410865.099650654,411242.58973753,4261485.2026619,4261949.78615479
"072D524C 2021-08-04 16:30:00","072D524C","2021-08-04","16:30:00",6,410851.6156561,4261866.64193727,410649.955072878,411053.276239322,4261670.25917231,4262063.02470223
"072D524C 2021-08-04 16:33:00","072D524C","2021-08-04","16:33:00",7,410878.82362797,4261833.35938551,410773.468709816,410984.178546124,4261745.08838607,4261921.63038495
"072D524C 2021-08-04 16:36:00","072D524C","2021-08-04","16:36:00",7,411183.174329762,4261736.17909009,411045.794228393,411320.554431132,4261608.08228285,4261864.27589732
"072D524C 2021-08-04 16:39:00","072D524C","2021-08-04","16:39:00",5,411433.670688766,4261722.92233582,411267.473109826,411599.868267705,4261536.08052104,4261909.76415061
"072D524C 2021-08-04 16:42:00","072D524C","2021-08-04","16:42:00",5,411379.058894753,4261562.86253363,411290.649917781,411467.467871725,4261445.0072413,4261680.71782597
"072D524C 2021-08-04 16:45:00","072D524C","2021-08-04","16:45:00",5,411404.438131553,4261707.83938977,411241.187521927,411567.688741179,4261536.75107423,4261878.9277053
"072D524C 2021-08-04 16:48:00","072D524C","2021-08-04","16:48:00",4,411407.17862292,4261654.41666679,411243.983751426,411570.373494415,4261537.65980659,4261771.17352698
"072D524C 2021-08-04 16:51:00","072D524C","2021-08-04","16:51:00",4,411414.474796123,4261667.94308624,411342.233700069,411486.715892177,4261615.58878393,4261720.29738855
"072D524C 2021-08-04 16:54:00","072D524C","2021-08-04","16:54:00",6,411405.102264209,4261742.95058976,411206.282294862,411603.922233555,4261518.68606361,4261967.2151159
"072D524C 2021-08-04 16:57:00","072D524C","2021-08-04","16:57:00",6,411391.866837999,4261740.38276842,411181.760256238,411601.973419759,4261514.05799047,4261966.70754638
"072D524C 2021-08-04 17:00:00","072D524C","2021-08-04","17:00:00",5,411296.737475177,4261810.15876913,411156.59330126,411436.881649094,4261628.07138807,4261992.24615018
"072D524C 2021-08-04 17:03:00","072D524C","2021-08-04","17:03:00",7,411324.122370842,4261793.54881158,411178.914631284,411469.330110401,4261644.88816578,4261942.20945739
"072D524C 2021-08-04 17:09:00","072D524C","2021-08-04","17:09:00",4,411331.772924437,4261942.41273061,410935.180731384,411728.365117489,4261659.2017026,4262225.62375862
"072D524C 2021-08-04 17:12:00","072D524C","2021-08-04","17:12:00",6,411302.982588236,4261814.23441182,411198.932896718,411407.032279754,4261702.11696917,4261926.35185447
"072D524C 2021-08-04 17:15:00","072D524C","2021-08-04","17:15:00",6,411167.221080318,4261793.65805208,410909.185901959,411425.256258676,4261519.56888188,4262067.74722228
"072D524C 2021-08-04 17:18:00","072D524C","2021-08-04","17:18:00",6,411241.270576803,4261921.44255925,411131.158546735,411351.382606871,4261811.34754798,4262031.53757053
"072D524C 2021-08-04 17:21:00","072D524C","2021-08-04","17:21:00",7,411365.265654452,4261942.39855061,411229.777577077,411500.753731826,4261790.59395651,4262094.20314471
"072D524C 2021-08-04 17:24:00","072D524C","2021-08-04","17:24:00",5,411347.294507565,4261872.13076623,411178.26030012,411516.32871501,4261674.27834043,4262069.98319203
"072D524C 2021-08-04 17:27:00","072D524C","2021-08-04","17:27:00",7,411301.380197116,4261940.7174082,411215.008079674,411387.752314558,4261852.32125103,4262029.11356536
"072D524C 2021-08-04 17:30:00","072D524C","2021-08-04","17:30:00",4,411373.779751986,4261987.46573663,411298.307912032,411449.251591939,4261933.65089412,4262041.28057914
"072D524C 2021-08-04 17:33:00","072D524C","2021-08-04","17:33:00",6,411369.601588662,4261981.94868761,411250.463120593,411488.740056731,4261860.03340259,4262103.86397264
"072D524C 2021-08-04 17:36:00","072D524C","2021-08-04","17:36:00",6,411332.853396404,4262034.42866293,411275.756984265,411389.949808542,4261983.22859271,4262085.62873314
"072D524C 2021-08-04 17:39:00","072D524C","2021-08-04","17:39:00",5,411355.485361697,4262141.14890296,411122.443955127,411588.526768267,4262007.07735818,4262275.22044775
"072D524C 2021-08-04 17:42:00","072D524C","2021-08-04","17:42:00",4,411275.731353105,4262198.32950453,410901.912336878,411649.550369333,4261753.81069191,4262642.84831716
"072D524C 2021-08-04 17:45:00","072D524C","2021-08-04","17:45:00",6,411342.740663345,4262144.35131621,411211.328289903,411474.153036788,4262046.26040933,4262242.4422231
"072D524C 2021-08-04 17:48:00","072D524C","2021-08-04","17:48:00",6,411183.038915633,4262189.34673838,411091.612249749,411274.465581516,4262098.64993005,4262280.04354671
"072D524C 2021-08-04 17:51:00","072D524C","2021-08-04","17:51:00",4,411232.690413768,4262223.7918763,411124.43138888,411340.949438655,4262091.15126263,4262356.43248996
"072D524C 2021-08-04 17:54:00","072D524C","2021-08-04","17:54:00",5,411198.37086072,4262340.06724949,410894.966712284,411501.775009156,4262059.15907316,4262620.97542582
"072D524C 2021-08-04 17:57:00","072D524C","2021-08-04","17:57:00",3,411360.465420263,4262209.27611114,410476.388130995,412244.542709532,4261297.00454143,4263121.54768084
"072D524C 2021-08-04 18:00:00","072D524C","2021-08-04","18:00:00",5,411435.263970954,4262023.00410013,411349.499680412,411521.028261497,4261942.680717,4262103.32748326
"072D524C 2021-08-04 18:03:00","072D524C","2021-08-04","18:03:00",5,411381.193533383,4261950.86234038,411258.876410155,411503.51065661,4261860.94891004,4262040.77577072
"072D524C 2021-08-04 18:06:00","072D524C","2021-08-04","18:06:00",3,411502.100457556,4261994.76243819,410324.14664515,412680.054269962,4261252.53778653,4262736.98708985
"072D524C 2021-08-04 18:09:00","072D524C","2021-08-04","18:09:00",6,411492.414102281,4261903.63327691,411328.990037951,411655.838166611,4261767.16871443,4262040.09783939
"072D524C 2021-08-04 18:12:00","072D524C","2021-08-04","18:12:00",6,411403.637078712,4261777.04782198,411252.600993752,411554.673163673,4261585.57846883,4261968.51717513
"072D524C 2021-08-04 18:15:00","072D524C","2021-08-04","18:15:00",6,411384.936097585,4261709.68888207,411246.968962285,411522.903232885,4261579.12083123,4261840.2569329
"072D524C 2021-08-04 18:18:00","072D524C","2021-08-04","18:18:00",5,411210.517383903,4261810.85048827,411071.030513428,411350.004254378,4261641.9762185,4261979.72475803
"072D524C 2021-08-04 18:21:00","072D524C","2021-08-04","18:21:00",5,411178.365166723,4261801.25948752,411093.009229327,411263.721104119,4261703.57561513,4261898.94335991
"072D524C 2021-08-04 18:24:00","072D524C","2021-08-04","18:24:00",5,411149.311827012,4261680.14122888,410837.22427183,411461.399382194,4261389.68812923,4261970.59432853
"072D524C 2021-08-04 18:27:00","072D524C","2021-08-04","18:27:00",5,411114.548993932,4261847.62499575,410948.060095729,411281.037892135,4261707.98654835,4261987.26344314
"072D524C 2021-08-04 18:30:00","072D524C","2021-08-04","18:30:00",5,411126.116400841,4261748.76633468,410939.211841996,411313.020959686,4261501.3085959,4261996.22407346
"072D524C 2021-08-04 18:33:00","072D524C","2021-08-04","18:33:00",5,411136.24406972,4261762.66317533,410981.075274935,411291.412864506,4261577.10602079,4261948.22032988
"072D524C 2021-08-04 18:36:00","072D524C","2021-08-04","18:36:00",6,411132.737615767,4261835.09349734,411045.736531117,411219.738700417,4261748.49452844,4261921.69246624
"072D524C 2021-08-04 18:39:00","072D524C","2021-08-04","18:39:00",5,411155.581633648,4261791.27506965,411015.148387421,411296.014879875,4261633.97958312,4261948.57055618
"072D524C 2021-08-04 18:42:00","072D524C","2021-08-04","18:42:00",6,411178.117527358,4261819.40154662,411060.330086667,411295.90496805,4261697.52643193,4261941.2766613
"072D524C 2021-08-04 18:45:00","072D524C","2021-08-04","18:45:00",5,411193.426183357,4261778.74619531,411030.363521909,411356.488844804,4261592.5576916,4261964.93469902
"072D524C 2021-08-04 18:48:00","072D524C","2021-08-04","18:48:00",6,411179.568749726,4261776.59592394,411050.785626957,411308.351872495,4261654.37325164,4261898.81859623
"072D524C 2021-08-04 18:51:00","072D524C","2021-08-04","18:51:00",4,411029.204398088,4261796.60290719,410810.407083536,411248.00171264,4261572.74539044,4262020.46042394
"072D524C 2021-08-04 18:54:00","072D524C","2021-08-04","18:54:00",5,410989.980897395,4261751.14708031,410911.125669913,411068.836124876,4261676.11266915,4261826.18149146
"072D524C 2021-08-04 18:57:00","072D524C","2021-08-04","18:57:00",5,410878.326144956,4261751.89604548,410716.639614024,411040.012675887,4261585.59921705,4261918.19287391
"072D524C 2021-08-04 19:00:00","072D524C","2021-08-04","19:00:00",7,411107.82213046,4261593.46214254,410852.847134766,411362.797126155,4261328.55611311,4261858.36817196
"072D524C 2021-08-04 19:18:00","072D524C","2021-08-04","19:18:00",3,411093.565493547,4261511.82595012,410129.662032649,412057.468954445,4260906.59743432,4262117.05446591
"072D524C 2021-08-04 19:21:00","072D524C","2021-08-04","19:21:00",4,410918.166485216,4261256.18247277,410400.07672125,411436.256249182,4260819.48101996,4261692.88392559
"072D524C 2021-08-04 19:24:00","072D524C","2021-08-04","19:24:00",5,410920.125199429,4261248.62009253,410622.033405362,411218.216993497,4261026.67681121,4261470.56337384
"072D524C 2021-08-04 19:27:00","072D524C","2021-08-04","19:27:00",5,411053.972187323,4261239.45003344,410856.854652056,411251.089722591,4261025.66477705,4261453.23528984
"072D524C 2021-08-04 19:30:00","072D524C","2021-08-04","19:30:00",4,411127.376259759,4261338.94999929,411013.493545577,411241.258973942,4261190.89496747,4261487.00503111
"072D524C 2021-08-04 19:33:00","072D524C","2021-08-04","19:33:00",4,411147.106547622,4261299.3881656,410870.091523389,411424.121571856,4260984.71798575,4261614.05834544
"072D524C 2021-08-04 19:36:00","072D524C","2021-08-04","19:36:00",6,411138.270050356,4261339.79373764,411058.435807609,411218.104293102,4261266.44431415,4261413.14316113
"072D524C 2021-08-04 19:39:00","072D524C","2021-08-04","19:39:00",3,411312.31879141,4261344.5341077,410291.867481857,412332.770100964,4260277.92185317,4262411.14636223
"072D524C 2021-08-04 19:42:00","072D524C","2021-08-04","19:42:00",5,411261.697341362,4261614.93719695,411154.610291112,411368.784391612,4261522.42412731,4261707.45026659
"072D524C 2021-08-04 19:45:00","072D524C","2021-08-04","19:45:00",4,411140.097327111,4261130.15070176,410786.299387712,411493.895266509,4260703.61408182,4261556.6873217
"072D524C 2021-08-04 19:48:00","072D524C","2021-08-04","19:48:00",6,411132.881891628,4261691.23247055,411071.119056155,411194.644727101,4261622.78760955,4261759.67733154
"072D524C 2021-08-04 19:51:00","072D524C","2021-08-04","19:51:00",5,411131.167133729,4261643.15463855,410861.34106902,411400.993198438,4261422.89780924,4261863.41146786
"072D524C 2021-08-04 19:54:00","072D524C","2021-08-04","19:54:00",5,411186.098763723,4261845.52902818,411052.619382874,411319.578144571,4261724.72060562,4261966.33745075
"072D524C 2021-08-04 19:57:00","072D524C","2021-08-04","19:57:00",6,411046.243725795,4261807.06957013,410939.333117141,411153.15433445,4261703.90498714,4261910.23415312
"072D524C 2021-08-04 20:00:00","072D524C","2021-08-04","20:00:00",6,410937.190691561,4261838.69240382,410860.988835334,411013.392547787,4261756.82504563,4261920.55976202
"072D524C 2021-08-04 20:06:00","072D524C","2021-08-04","20:06:00",5,410939.842667823,4261932.67871057,410819.210064279,411060.475271368,4261813.44819914,4262051.909222
"072D524C 2021-08-04 20:09:00","072D524C","2021-08-04","20:09:00",5,410837.928077336,4261847.44588705,410657.823499921,411018.032654751,4261741.23948431,4261953.65228979
"072D524C 2021-08-04 20:12:00","072D524C","2021-08-04","20:12:00",4,411174.892455379,4261822.04593083,411068.805658239,411280.979252518,4261715.36843664,4261928.72342501
"072D524C 2021-08-04 20:15:00","072D524C","2021-08-04","20:15:00",3,411168.637019079,4261820.03212131,410444.629984776,411892.644053382,4261251.12298759,4262388.94125503
"072D524C 2021-08-04 20:18:00","072D524C","2021-08-04","20:18:00",3,411169.530067462,4261820.60682683,410432.62523539,411906.434899534,4261238.75118488,4262402.46246877
"072D524C 2021-08-04 20:21:00","072D524C","2021-08-04","20:21:00",3,411167.705878672,4261818.61091659,410438.389569973,411897.022187371,4261252.17626408,4262385.0455691
"072D524C 2021-08-04 20:24:00","072D524C","2021-08-04","20:24:00",7,411075.980075164,4261863.43806517,410954.1334062,411197.826744128,4261758.03609232,4261968.84003801
"072D524C 2021-08-04 20:27:00","072D524C","2021-08-04","20:27:00",7,411083.918446385,4261860.96935644,410957.388192575,411210.448700195,4261750.21634915,4261971.72236373
"072D524C 2021-08-04 20:30:00","072D524C","2021-08-04","20:30:00",7,411084.265192085,4261856.67167985,410959.137953799,411209.39243037,4261747.41447191,4261965.92888779
"072D524C 2021-08-04 20:33:00","072D524C","2021-08-04","20:33:00",7,411087.546513663,4261863.68295865,410957.633635733,411217.459391592,4261748.24119845,4261979.12471886
"072D524C 2021-08-04 20:36:00","072D524C","2021-08-04","20:36:00",7,411094.261358076,4261864.74939356,410963.456708818,411225.066007334,4261744.77395971,4261984.7248274
"072D524C 2021-08-04 20:39:00","072D524C","2021-08-04","20:39:00",7,411091.832970159,4261864.37831227,410959.232053293,411224.433887025,4261744.23172562,4261984.52489893
"072D524C 2021-08-04 20:42:00","072D524C","2021-08-04","20:42:00",7,411093.7751806,4261863.35064299,410961.221813097,411226.328548104,4261742.50865445,4261984.19263152
"072D524C 2021-08-04 20:45:00","072D524C","2021-08-04","20:45:00",7,411184.703811994,4261791.12615559,411054.653757333,411314.753866655,4261674.1802305,4261908.07208068
"072D524C 2021-08-04 20:48:00","072D524C","2021-08-04","20:48:00",6,411426.902654754,4261712.06848407,411277.74134707,411576.063962438,4261558.78626263,4261865.35070551
"072D524C 2021-08-04 20:51:00","072D524C","2021-08-04","20:51:00",6,411440.009881152,4261717.01178077,411284.947087465,411595.072674839,4261551.78038996,4261882.24317159
"072D524C 2021-08-04 20:54:00","072D524C","2021-08-04","20:54:00",6,411414.646192339,4261727.58517374,411246.406157013,411582.886227666,4261547.54606621,4261907.62428127
"072D524C 2021-08-04 20:57:00","072D524C","2021-08-04","20:57:00",7,411216.071700673,4261789.89753667,410994.759709225,411437.383692121,4261576.83486817,4262002.96020518
"072D524C 2021-08-04 21:00:00","072D524C","2021-08-04","21:00:00",5,410737.798520842,4261840.26585817,410530.076839521,410945.520202162,4261641.06373784,4262039.4679785
"072D524C 2021-08-04 21:03:00","072D524C","2021-08-04","21:03:00",4,411043.681218491,4261661.40838035,410876.602028726,411210.760408256,4261525.5613061,4261797.25545459
"072D524C 2021-08-04 21:12:00","072D524C","2021-08-04","21:12:00",3,411476.705316035,4261220.31808135,411127.470127852,411825.940504218,4260960.32219522,4261480.31396748
"072D524C 2021-08-04 22:15:00","072D524C","2021-08-04","22:15:00",3,410995.07570637,4260976.75697536,410840.150332088,411150.001080652,4260679.12988686,4261274.38406385
"344C7834 2021-08-03 16:36:00","344C7834","2021-08-03","16:36:00",3,411319.026981933,4260967.81458747,411082.801123184,411555.252840681,4260679.57603084,4261256.05314409
"344C7834 2021-08-03 16:42:00","344C7834","2021-08-03","16:42:00",3,411281.112129935,4261324.01102927,410597.915292452,411964.308967417,4260173.05545313,4262474.96660541
"344C7834 2021-08-03 16:45:00","344C7834","2021-08-03","16:45:00",4,411589.096319106,4261189.42290795,411493.512041242,411684.680596969,4261094.99521856,4261283.85059734
"344C7834 2021-08-03 16:48:00","344C7834","2021-08-03","16:48:00",3,411564.206807135,4261165.24003079,410954.595507479,412173.818106792,4260806.24970329,4261524.2303583
"344C7834 2021-08-03 16:51:00","344C7834","2021-08-03","16:51:00",3,411569.827406672,4261180.50688857,410834.085005331,412305.569808014,4260703.29703192,4261657.71674522
"344C7834 2021-08-03 16:54:00","344C7834","2021-08-03","16:54:00",3,411436.99584373,4260958.34060661,410539.589575809,412334.40211165,4259917.07032291,4261999.61089032
"344C7834 2021-08-03 16:57:00","344C7834","2021-08-03","16:57:00",3,411434.606428996,4260950.60467338,410407.262350464,412461.950507528,4259746.12398292,4262155.08536384
"344C7834 2021-08-03 17:00:00","344C7834","2021-08-03","17:00:00",4,411526.823569491,4261186.68177271,411252.037013276,411801.610125707,4260925.70865825,4261447.65488717
"344C7834 2021-08-03 17:03:00","344C7834","2021-08-03","17:03:00",3,411491.077181695,4261047.70884676,409679.081737138,413303.072626253,4259761.02179107,4262334.39590244
"344C7834 2021-08-03 17:06:00","344C7834","2021-08-03","17:06:00",3,411492.638205115,4261010.86211695,409834.889855073,413150.386555157,4259850.45732052,4262171.26691337
"344C7834 2021-08-03 17:09:00","344C7834","2021-08-03","17:09:00",3,411433.582239792,4260948.18500619,410743.193072624,412123.971406961,4260133.99598011,4261762.37403226
"344C7834 2021-08-03 17:12:00","344C7834","2021-08-03","17:12:00",6,411535.056587127,4261547.51937717,411481.678564863,411588.434609392,4261493.5026632,4261601.53609115
"344C7834 2021-08-03 17:15:00","344C7834","2021-08-03","17:15:00",5,411136.843137365,4261784.1532473,410979.231140827,411294.455133902,4261601.60123885,4261966.70525574
"344C7834 2021-08-03 17:18:00","344C7834","2021-08-03","17:18:00",5,411092.593745598,4261693.05467944,410830.042369041,411355.145122155,4261349.65056212,4262036.45879675
"344C7834 2021-08-03 17:21:00","344C7834","2021-08-03","17:21:00",5,411104.400133782,4261198.16496675,410883.086817938,411325.713449626,4260975.59234148,4261420.73759202
"344C7834 2021-08-03 17:36:00","344C7834","2021-08-03","17:36:00",7,410998.807053462,4261734.02150667,410882.427697728,411115.186409196,4261601.89537746,4261866.14763588
"344C7834 2021-08-03 17:39:00","344C7834","2021-08-03","17:39:00",5,410994.318781232,4261806.82668622,410846.663834747,411141.973727716,4261681.67554657,4261931.97782587
"344C7834 2021-08-03 17:42:00","344C7834","2021-08-03","17:42:00",7,411097.936343525,4261894.27246885,410947.967200346,411247.905486705,4261725.40119026,4262063.14374744
"344C7834 2021-08-03 17:45:00","344C7834","2021-08-03","17:45:00",7,410895.816400025,4261888.97648448,410733.243315631,411058.389484419,4261727.6564137,4262050.29655527
"344C7834 2021-08-03 17:48:00","344C7834","2021-08-03","17:48:00",5,410719.041816077,4261866.0450521,410525.127323522,410912.956308632,4261665.35363141,4262066.73647278
"344C7834 2021-08-03 17:51:00","344C7834","2021-08-03","17:51:00",5,410808.052201277,4262067.09405601,410661.491796196,410954.612606359,4261914.67144458,4262219.51666745
"344C7834 2021-08-04 16:12:00","344C7834","2021-08-04","16:12:00",4,411778.5495009,4261495.50464746,411647.894008677,411909.204993122,4261255.95971728,4261735.04957765
"344C7834 2021-08-04 16:15:00","344C7834","2021-08-04","16:15:00",3,411804.38044615,4261492.00659702,411596.031497382,412012.729394918,4260888.50273742,4262095.51045662
"344C7834 2021-08-04 16:21:00","344C7834","2021-08-04","16:21:00",3,411795.022074051,4261461.85107632,411545.688270198,412044.355877904,4260882.68917721,4262041.01297544
"344C7834 2021-08-04 16:24:00","344C7834","2021-08-04","16:24:00",3,411799.953629677,4261512.81093702,411506.039910803,412093.867348552,4260615.16414219,4262410.45773185
"344C7834 2021-08-04 16:30:00","344C7834","2021-08-04","16:30:00",3,411628.396727403,4261651.24748583,411560.658338762,411696.135116044,4261605.37810904,4261697.11686261
"344C7834 2021-08-04 16:33:00","344C7834","2021-08-04","16:33:00",4,411603.476872292,4261514.88776113,411411.022733735,411795.93101085,4261328.51676535,4261701.25875692
"344C7834 2021-08-04 16:36:00","344C7834","2021-08-04","16:36:00",4,411573.017713193,4261543.4090285,411240.177686949,411905.857739436,4261212.47941259,4261874.3386444
"344C7834 2021-08-04 16:39:00","344C7834","2021-08-04","16:39:00",7,411473.447919147,4261613.5877104,411297.101180871,411649.794657424,4261462.7264285,4261764.44899231
"344C7834 2021-08-04 16:42:00","344C7834","2021-08-04","16:42:00",7,411485.916678053,4261620.62914317,411306.719424588,411665.113931518,4261465.20396881,4261776.05431753
"344C7834 2021-08-04 16:45:00","344C7834","2021-08-04","16:45:00",7,411512.245724875,4261638.01664078,411301.436275921,411723.055173829,4261451.98687891,4261824.04640265
"344C7834 2021-08-04 16:48:00","344C7834","2021-08-04","16:48:00",5,411243.481289433,4261735.73931435,411129.238133599,411357.724445268,4261572.00157107,4261899.47705763
"344C7834 2021-08-04 16:51:00","344C7834","2021-08-04","16:51:00",4,411226.064974303,4261792.53618249,411122.979892747,411329.150055859,4261665.28483471,4261919.78753026
"344C7834 2021-08-04 16:54:00","344C7834","2021-08-04","16:54:00",4,411218.193538105,4261790.32621463,411092.090102275,411344.296973935,4261635.51994187,4261945.13248738
"344C7834 2021-08-04 16:57:00","344C7834","2021-08-04","16:57:00",7,411199.152801932,4261775.00909659,411082.36345043,411315.942153434,4261666.15088942,4261883.86730377
"344C7834 2021-08-04 17:00:00","344C7834","2021-08-04","17:00:00",6,411235.67938483,4261792.07942648,411092.281668488,411379.077101172,4261672.07875552,4261912.08009744
"344C7834 2021-08-04 17:03:00","344C7834","2021-08-04","17:03:00",4,411277.951501003,4261710.57951254,410655.607796566,411900.29520544,4261196.66329921,4262224.49572586
"344C7834 2021-08-04 17:06:00","344C7834","2021-08-04","17:06:00",4,411299.632541069,4261798.96285798,410900.759071167,411698.506010971,4261454.19639515,4262143.72932081
"344C7834 2021-08-04 17:09:00","344C7834","2021-08-04","17:09:00",7,411221.752956351,4261875.46828164,411115.489279759,411328.016632943,4261756.12136485,4261994.81519843
"344C7834 2021-08-04 17:12:00","344C7834","2021-08-04","17:12:00",5,411160.276976692,4261988.2355412,410996.678622095,411323.87533129,4261848.24812492,4262128.22295748
"344C7834 2021-08-04 17:15:00","344C7834","2021-08-04","17:15:00",5,411156.061837417,4261990.49839657,411002.342875116,411309.780799719,4261859.3650436,4262121.63174954
"344C7834 2021-08-04 17:18:00","344C7834","2021-08-04","17:18:00",6,411154.609108285,4261984.3494435,411018.59828306,411290.61993351,4261864.25598662,4262104.44290038
"344C7834 2021-08-04 17:21:00","344C7834","2021-08-04","17:21:00",7,411199.633200279,4262055.46905471,411068.645724721,411330.620675837,4261906.00336337,4262204.93474606
"344C7834 2021-08-04 17:24:00","344C7834","2021-08-04","17:24:00",7,411153.401678528,4262064.53587518,411004.717474005,411302.08588305,4261902.41351856,4262226.65823179
"344C7834 2021-08-04 17:27:00","344C7834","2021-08-04","17:27:00",7,411158.447842033,4262062.47071811,411018.397102251,411298.498581814,4261909.49126317,4262215.45017305
"344C7834 2021-08-04 17:30:00","344C7834","2021-08-04","17:30:00",7,411149.623962404,4262069.57192408,411042.178905378,411257.06901943,4261955.39251199,4262183.75133617
"344C7834 2021-08-04 17:33:00","344C7834","2021-08-04","17:33:00",5,411197.936374531,4261822.26945557,410790.190553198,411605.682195865,4261424.52750347,4262220.01140767
"344C7834 2021-08-04 17:36:00","344C7834","2021-08-04","17:36:00",5,411187.592404317,4261834.91697505,410888.078740071,411487.106068562,4261527.39132922,4262142.44262088
"344C7834 2021-08-04 17:39:00","344C7834","2021-08-04","17:39:00",7,411213.514243828,4262024.34581666,411105.611943154,411321.416544501,4261914.37835927,4262134.31327404
"344C7834 2021-08-04 17:42:00","344C7834","2021-08-04","17:42:00",6,411109.983265123,4262058.06526944,411057.980995793,411161.985534453,4262006.94932305,4262109.18121583
"344C7834 2021-08-04 17:45:00","344C7834","2021-08-04","17:45:00",5,411102.306471516,4262167.33375125,410906.018537847,411298.594405185,4261954.92599084,4262379.74151166
"344C7834 2021-08-04 17:48:00","344C7834","2021-08-04","17:48:00",5,411089.476324562,4262187.86899033,410858.049745463,411320.902903661,4261943.11339459,4262432.62458606
"344C7834 2021-08-04 17:51:00","344C7834","2021-08-04","17:51:00",7,411198.085951301,4262116.09686576,411078.130556831,411318.041345771,4262010.95217257,4262221.24155895
"344C7834 2021-08-04 17:54:00","344C7834","2021-08-04","17:54:00",5,411067.642334258,4262202.0092136,410839.698699898,411295.585968618,4261967.09006807,4262436.92835914
"344C7834 2021-08-04 17:57:00","344C7834","2021-08-04","17:57:00",5,410982.396646903,4262206.76409375,410894.76004701,411070.033246796,4262084.87740237,4262328.65078512
"344C7834 2021-08-04 18:00:00","344C7834","2021-08-04","18:00:00",5,410945.534509172,4262272.5828606,410718.811834416,411172.257183928,4261935.92313515,4262609.24258606
"344C7834 2021-08-04 18:03:00","344C7834","2021-08-04","18:03:00",5,411018.927886331,4262215.40184315,410882.641774121,411155.21399854,4262029.29732095,4262401.50636534
"344C7834 2021-08-04 18:06:00","344C7834","2021-08-04","18:06:00",6,411028.67206543,4262008.15465951,410922.967074836,411134.377056024,4261919.67231487,4262096.63700416
"344C7834 2021-08-04 18:09:00","344C7834","2021-08-04","18:09:00",6,410994.224905162,4261800.32313303,410369.511662265,411618.93814806,4261404.50539603,4262196.14087002
"344C7834 2021-08-04 18:12:00","344C7834","2021-08-04","18:12:00",7,410908.215435503,4261922.37983209,410751.031033998,411065.399837008,4261757.0386038,4262087.72106037
"344C7834 2021-08-04 18:15:00","344C7834","2021-08-04","18:15:00",7,410902.719905907,4261897.34144557,410735.517376543,411069.92243527,4261715.26829761,4262079.41459353
"344C7834 2021-08-04 18:18:00","344C7834","2021-08-04","18:18:00",6,411006.6026475,4261911.31697261,410857.696543199,411155.508751802,4261726.6203523,4262096.01359293
"344C7834 2021-08-04 18:21:00","344C7834","2021-08-04","18:21:00",7,411079.375132641,4261926.7246196,410942.165574456,411216.584690826,4261804.43709837,4262049.01214084
"344C7834 2021-08-04 18:24:00","344C7834","2021-08-04","18:24:00",5,411347.16313791,4261655.60735295,411202.878047489,411491.448228332,4261511.83943954,4261799.37526636
"344C7834 2021-08-04 18:27:00","344C7834","2021-08-04","18:27:00",5,411202.420374827,4261794.14241651,411091.546288817,411313.294460836,4261662.87186693,4261925.4129661
"344C7834 2021-08-04 18:30:00","344C7834","2021-08-04","18:30:00",5,411343.190639956,4261673.2334393,411201.161906017,411485.219373895,4261529.8231874,4261816.6436912
"344C7834 2021-08-04 18:33:00","344C7834","2021-08-04","18:33:00",5,411176.478641629,4261797.63007839,411065.029140708,411287.928142549,4261671.28365467,4261923.9765021
"344C7834 2021-08-04 18:36:00","344C7834","2021-08-04","18:36:00",5,410991.94420781,4262016.5303998,410544.781902816,411439.106512805,4261580.82442834,4262452.23637126
"344C7834 2021-08-04 18:39:00","344C7834","2021-08-04","18:39:00",3,411347.177287166,4261637.73974262,411199.57634698,411494.778227353,4261540.15513983,4261735.32434541
"344C7834 2021-08-04 18:42:00","344C7834","2021-08-04","18:42:00",5,411189.534535739,4261811.06555779,411079.640779419,411299.428292059,4261681.26391986,4261940.86719571
"344C7834 2021-08-04 18:45:00","344C7834","2021-08-04","18:45:00",6,411096.4361211,4261833.24927683,410915.056320534,411277.815921666,4261695.03370042,4261971.46485323
"344C7834 2021-08-04 18:48:00","344C7834","2021-08-04","18:48:00",6,411105.864207764,4261820.24260054,410883.159360474,411328.569055055,4261646.05936479,4261994.42583629
"344C7834 2021-08-04 18:51:00","344C7834","2021-08-04","18:51:00",7,411139.788170789,4261773.68359862,411000.973152919,411278.60318866,4261646.07977858,4261901.28741866
"344C7834 2021-08-04 18:54:00","344C7834","2021-08-04","18:54:00",5,411082.844198484,4261618.38587664,410891.831358846,411273.857038121,4261461.88116149,4261774.89059178
"344C7834 2021-08-04 18:57:00","344C7834","2021-08-04","18:57:00",4,411036.196060151,4261231.34110247,410625.919577241,411446.47254306,4260719.5279759,4261743.15422903
"344C7834 2021-08-04 19:00:00","344C7834","2021-08-04","19:00:00",5,411014.68165301,4261270.4636792,410716.491582216,411312.871723804,4261033.66899456,4261507.25836384
"344C7834 2021-08-04 19:03:00","344C7834","2021-08-04","19:03:00",5,411030.270986183,4261256.11060326,410733.377626706,411327.16434566,4260992.48273983,4261519.73846668
"344C7834 2021-08-04 19:06:00","344C7834","2021-08-04","19:06:00",6,411197.561694978,4261059.28543397,411043.553018266,411351.57037169,4260897.5601186,4261221.01074933
"344C7834 2021-08-04 19:09:00","344C7834","2021-08-04","19:09:00",5,410676.776119173,4261132.97133152,410600.662367124,410752.889871223,4261065.27670076,4261200.66596228
"344C7834 2021-08-04 19:12:00","344C7834","2021-08-04","19:12:00",5,410991.442371899,4260981.79144909,410859.588508843,411123.296234955,4260830.84490077,4261132.7379974
"344C7834 2021-08-04 19:15:00","344C7834","2021-08-04","19:15:00",5,410981.043642674,4260984.94125586,410846.823756132,411115.263529217,4260841.52681442,4261128.3556973
"344C7834 2021-08-04 19:18:00","344C7834","2021-08-04","19:18:00",5,411283.048218168,4260925.50418962,411124.403821819,411441.692614518,4260736.00799961,4261115.00037964
"344C7834 2021-08-04 19:21:00","344C7834","2021-08-04","19:21:00",5,411265.897036946,4260927.64408313,411091.463296734,411440.330777157,4260737.58178134,4261117.70638491
"344C7834 2021-08-04 19:24:00","344C7834","2021-08-04","19:24:00",5,411267.157262046,4260929.2267061,411101.9036512,411432.410872892,4260749.16277848,4261109.29063371
"344C7834 2021-08-04 19:27:00","344C7834","2021-08-04","19:27:00",5,411255.637084834,4260933.89162178,411083.807743934,411427.466425735,4260735.95993446,4261131.8233091
"344C7834 2021-08-04 19:30:00","344C7834","2021-08-04","19:30:00",5,410995.790270977,4260977.23765363,410848.504811251,411143.075730703,4260806.73957489,4261147.73573237
"344C7834 2021-08-04 19:33:00","344C7834","2021-08-04","19:33:00",5,410992.777142415,4260979.83998949,410862.35219407,411123.202090759,4260830.23181526,4261129.44816372
"344C7834 2021-08-04 19:36:00","344C7834","2021-08-04","19:36:00",5,410991.313130935,4260980.51668435,410840.093387012,411142.532874858,4260808.26214945,4261152.77121925
"344C7834 2021-08-04 19:39:00","344C7834","2021-08-04","19:39:00",5,410989.523529512,4260982.24759192,410843.557775464,411135.48928356,4260817.03699791,4261147.45818593
"344C7834 2021-08-04 19:42:00","344C7834","2021-08-04","19:42:00",5,410989.420257262,4260976.9779372,410857.333342059,411121.507172465,4260829.59900038,4261124.35687402
"344C7834 2021-08-04 19:45:00","344C7834","2021-08-04","19:45:00",5,410993.254707825,4260972.49390509,410849.538170329,411136.971245321,4260810.10578993,4261134.88202025
"344C7834 2021-08-04 19:48:00","344C7834","2021-08-04","19:48:00",5,411246.21690168,4260925.15699193,411068.206434887,411424.227368473,4260694.87238184,4261155.44160202
"344C7834 2021-08-04 19:51:00","344C7834","2021-08-04","19:51:00",5,410993.788617678,4260978.60928988,410868.358664916,411119.218570441,4260834.41617869,4261122.80240106
"344C7834 2021-08-04 19:54:00","344C7834","2021-08-04","19:54:00",4,411029.955566822,4261009.55237,410882.393974998,411177.517158647,4260773.80404147,4261245.30069853
"344C7834 2021-08-04 19:57:00","344C7834","2021-08-04","19:57:00",5,411024.839528127,4260994.35375357,410919.603977213,411130.075079042,4260804.20509229,4261184.50241485
"344C7834 2021-08-04 20:00:00","344C7834","2021-08-04","20:00:00",7,411169.422061982,4261007.59098283,411030.068757303,411308.775366661,4260874.02893091,4261141.15303475
"344C7834 2021-08-04 20:03:00","344C7834","2021-08-04","20:03:00",6,411241.532325042,4261172.40799184,411099.905260792,411383.159389292,4261056.68265012,4261288.13333357
"344C7834 2021-08-04 20:06:00","344C7834","2021-08-04","20:06:00",7,411240.862306075,4261299.98007988,411096.38515962,411385.33945253,4261166.09149383,4261433.86866592
"344C7834 2021-08-04 20:09:00","344C7834","2021-08-04","20:09:00",4,411167.821323582,4261276.85037642,411037.314239388,411298.328407777,4261166.57695843,4261387.1237944
"344C7834 2021-08-04 20:12:00","344C7834","2021-08-04","20:12:00",4,411172.504175543,4261254.60616314,411036.836848909,411308.171502176,4261128.23950409,4261380.9728222
"344C7834 2021-08-04 20:15:00","344C7834","2021-08-04","20:15:00",6,411231.273153977,4261301.14887881,411069.607204803,411392.939103152,4261141.56289718,4261460.73486044
"344C7834 2021-08-04 20:18:00","344C7834","2021-08-04","20:18:00",6,411213.734411016,4261399.92581246,411105.608245513,411321.86057652,4261291.88701727,4261507.96460765
"344C7834 2021-08-04 20:21:00","344C7834","2021-08-04","20:21:00",7,411255.845832625,4261384.39021346,411111.661832717,411400.029832534,4261207.37352075,4261561.40690617
"344C7834 2021-08-04 20:24:00","344C7834","2021-08-04","20:24:00",7,411188.996182158,4261374.81655598,411042.761989386,411335.230374929,4261194.64174629,4261554.99136567
"344C7834 2021-08-04 20:27:00","344C7834","2021-08-04","20:27:00",6,411364.048656955,4261371.24539183,411193.200312301,411534.897001609,4261192.80964463,4261549.68113903
"344C7834 2021-08-04 20:30:00","344C7834","2021-08-04","20:30:00",6,411357.352358324,4261361.82173936,411315.005770931,411399.698945716,4261320.32337583,4261403.32010288
"344C7834 2021-08-04 20:33:00","344C7834","2021-08-04","20:33:00",6,411388.02200137,4261398.59712217,411335.857237093,411440.186765647,4261333.96103806,4261463.23320629
"344C7834 2021-08-04 20:36:00","344C7834","2021-08-04","20:36:00",7,411367.939819185,4261359.34883846,411273.479406325,411462.400232046,4261270.01450035,4261448.68317657
"344C7834 2021-08-04 20:39:00","344C7834","2021-08-04","20:39:00",5,411529.137087465,4261366.10043603,411371.048865619,411687.22530931,4261212.39636161,4261519.80451046
"344C7834 2021-08-04 20:42:00","344C7834","2021-08-04","20:42:00",7,411376.97208156,4261073.80158575,411236.207016801,411517.737146318,4260943.38271101,4261204.2204605
"344C7834 2021-08-04 20:45:00","344C7834","2021-08-04","20:45:00",7,411361.022979181,4261094.66989627,411250.244167038,411471.801791324,4260995.61221392,4261193.72757862
"344C7834 2021-08-04 20:48:00","344C7834","2021-08-04","20:48:00",7,411370.560671156,4261359.04393651,411231.756540703,411509.364801609,4261226.13918503,4261491.94868799
"344C7834 2021-08-04 20:51:00","344C7834","2021-08-04","20:51:00",6,410811.535503165,4261222.14472376,410651.218908929,410971.852097401,4261046.97156602,4261397.31788149
"344C7834 2021-08-04 20:54:00","344C7834","2021-08-04","20:54:00",6,411471.667373234,4261593.58957531,411251.488252993,411691.846493474,4261393.59907912,4261793.58007151
"344C7834 2021-08-04 20:57:00","344C7834","2021-08-04","20:57:00",6,411334.86671373,4261704.91340791,411199.760941008,411469.972486451,4261570.79862704,4261839.02818877
"344C7834 2021-08-04 21:00:00","344C7834","2021-08-04","21:00:00",4,410827.07047929,4261604.7515766,410609.795257289,411044.345701291,4261464.07304368,4261745.43010952
"344C7834 2021-08-04 21:03:00","344C7834","2021-08-04","21:03:00",3,410602.4942199,4261341.1868721,410423.008419321,410781.980020478,4261170.55401192,4261511.81973227
"344C7834 2021-08-04 22:15:00","344C7834","2021-08-04","22:15:00",3,411373.658387402,4261128.14405719,410334.896985318,412412.419789485,4260309.40901852,4261946.87909586
