"","TestId","TagId","Date","Time","No.Nodes","x.est","y.est","x.ci.lower","x.ci.upper","y.ci.lower","y.ci.upper","DateTime","UnixTime"
"1","072D524C 2021-08-04 16:12:00","072D524C","2021-08-04","16:12:00",4,411607.923897088,4261482.54573689,411589.510213499,411626.337580677,4261467.7328119,4261497.35866189,2021-08-04 10:12:00,1628093520
"2","072D524C 2021-08-04 16:13:00","072D524C","2021-08-04","16:13:00",6,411438.149765221,4261272.3728521,411367.280980203,411509.01855024,4261214.24281595,4261330.50288824,2021-08-04 10:13:00,1628093580
"3","072D524C 2021-08-04 16:14:00","072D524C","2021-08-04","16:14:00",3,411435.778032529,4261307.99595692,410525.875017159,412345.681047899,4260454.20576588,4262161.78614796,2021-08-04 10:14:00,1628093640
"4","072D524C 2021-08-04 16:26:00","072D524C","2021-08-04","16:26:00",4,410859.161681767,4262317.17798102,410326.053775571,411392.269587962,4261962.17064522,4262672.18531681,2021-08-04 10:26:00,1628094360
"5","072D524C 2021-08-04 16:27:00","072D524C","2021-08-04","16:27:00",3,410832.918425579,4261191.24486803,410283.961399773,411381.875451386,4260505.03569003,4261877.45404604,2021-08-04 10:27:00,1628094420
"6","072D524C 2021-08-04 16:28:00","072D524C","2021-08-04","16:28:00",4,410384.833056961,4261847.03824397,409743.937507201,411025.72860672,4260631.52362198,4263062.55286595,2021-08-04 10:28:00,1628094480
"7","072D524C 2021-08-04 16:29:00","072D524C","2021-08-04","16:29:00",3,410654.802368493,4261746.7845582,409661.329174388,411648.275562598,4261053.01668302,4262440.55243338,2021-08-04 10:29:00,1628094540
"8","072D524C 2021-08-04 16:30:00","072D524C","2021-08-04","16:30:00",4,410626.894700528,4261860.36702352,410389.531662343,410864.257738713,4261580.06500159,4262140.66904546,2021-08-04 10:30:00,1628094600
"9","072D524C 2021-08-04 16:31:00","072D524C","2021-08-04","16:31:00",5,410726.476630784,4261886.53127388,410540.985920109,410911.967341459,4261689.56960141,4262083.49294635,2021-08-04 10:31:00,1628094660
"10","072D524C 2021-08-04 16:32:00","072D524C","2021-08-04","16:32:00",6,410859.653806808,4261856.56019443,410647.708731573,411071.598882042,4261660.28049337,4262052.83989549,2021-08-04 10:32:00,1628094720
"11","072D524C 2021-08-04 16:33:00","072D524C","2021-08-04","16:33:00",7,410877.877995891,4261869.23469608,410720.217303465,411035.538688316,4261737.39418615,4262001.07520601,2021-08-04 10:33:00,1628094780
"12","072D524C 2021-08-04 16:34:00","072D524C","2021-08-04","16:34:00",5,410880.338063522,4261834.06997484,410712.178339047,411048.497787996,4261677.02548117,4261991.11446852,2021-08-04 10:34:00,1628094840
"13","072D524C 2021-08-04 16:35:00","072D524C","2021-08-04","16:35:00",6,410915.556393962,4261830.75728536,410757.188082055,411073.92470587,4261709.75827441,4261951.7562963,2021-08-04 10:35:00,1628094900
"14","072D524C 2021-08-04 16:36:00","072D524C","2021-08-04","16:36:00",6,410922.384414914,4261864.0132279,410848.924444274,410995.844385555,4261790.39132169,4261937.63513411,2021-08-04 10:36:00,1628094960
"15","072D524C 2021-08-04 16:37:00","072D524C","2021-08-04","16:37:00",7,411169.738109197,4261727.63618912,411009.029904067,411330.446314326,4261591.55327251,4261863.71910573,2021-08-04 10:37:00,1628095020
"16","072D524C 2021-08-04 16:38:00","072D524C","2021-08-04","16:38:00",6,411389.729510256,4261689.18215044,411180.114204304,411599.344816208,4261497.94021848,4261880.42408239,2021-08-04 10:38:00,1628095080
"17","072D524C 2021-08-04 16:39:00","072D524C","2021-08-04","16:39:00",4,411444.705214987,4261682.38538165,411255.867575962,411633.542854012,4261539.88029173,4261824.89047158,2021-08-04 10:39:00,1628095140
"18","072D524C 2021-08-04 16:40:00","072D524C","2021-08-04","16:40:00",5,411436.383724153,4261722.6612481,411270.425085257,411602.34236305,4261536.12309996,4261909.19939623,2021-08-04 10:40:00,1628095200
"19","072D524C 2021-08-04 16:41:00","072D524C","2021-08-04","16:41:00",5,411431.930285195,4261736.59006193,411228.617080836,411635.243489554,4261498.64946397,4261974.53065988,2021-08-04 10:41:00,1628095260
"20","072D524C 2021-08-04 16:42:00","072D524C","2021-08-04","16:42:00",5,411363.585090912,4261586.74653234,411217.050453292,411510.119728532,4261415.49201396,4261758.00105072,2021-08-04 10:42:00,1628095320
"21","072D524C 2021-08-04 16:43:00","072D524C","2021-08-04","16:43:00",4,411385.443283444,4261586.66354449,411165.217459085,411605.669107803,4261331.64299551,4261841.68409347,2021-08-04 10:43:00,1628095380
"22","072D524C 2021-08-04 16:44:00","072D524C","2021-08-04","16:44:00",7,411472.46561329,4261601.93230566,411299.405410108,411645.525816472,4261453.03945787,4261750.82515345,2021-08-04 10:44:00,1628095440
"23","072D524C 2021-08-04 16:45:00","072D524C","2021-08-04","16:45:00",5,411403.279290827,4261703.63223374,411165.00346378,411641.555117874,4261457.20829411,4261950.05617336,2021-08-04 10:45:00,1628095500
"24","072D524C 2021-08-04 16:46:00","072D524C","2021-08-04","16:46:00",4,411418.591100204,4261642.78606786,411259.230214369,411577.951986039,4261492.48864276,4261793.08349295,2021-08-04 10:46:00,1628095560
"25","072D524C 2021-08-04 16:47:00","072D524C","2021-08-04","16:47:00",4,411410.055966067,4261664.85272807,411312.834135439,411507.277796695,4261594.3930908,4261735.31236534,2021-08-04 10:47:00,1628095620
"26","072D524C 2021-08-04 16:48:00","072D524C","2021-08-04","16:48:00",4,411398.073300614,4261658.89559899,411235.520549017,411560.626052211,4261538.93001298,4261778.86118501,2021-08-04 10:48:00,1628095680
"27","072D524C 2021-08-04 16:49:00","072D524C","2021-08-04","16:49:00",4,411394.474037507,4261649.75113987,411256.481194106,411532.466880907,4261547.4470704,4261752.05520934,2021-08-04 10:49:00,1628095740
"28","072D524C 2021-08-04 16:50:00","072D524C","2021-08-04","16:50:00",4,411400.015015362,4261659.5075812,411244.120594934,411555.909435791,4261544.96730445,4261774.04785795,2021-08-04 10:50:00,1628095800
"29","072D524C 2021-08-04 16:51:00","072D524C","2021-08-04","16:51:00",5,411404.19318638,4261672.64660885,411330.72349039,411477.662882371,4261610.68144113,4261734.61177658,2021-08-04 10:51:00,1628095860
"30","072D524C 2021-08-04 16:52:00","072D524C","2021-08-04","16:52:00",4,411426.043685083,4261671.30326385,411333.001876605,411519.085493561,4261582.31858467,4261760.28794303,2021-08-04 10:52:00,1628095920
"31","072D524C 2021-08-04 16:53:00","072D524C","2021-08-04","16:53:00",4,411390.079857144,4261687.19405875,411295.933833655,411484.225880633,4261614.00856886,4261760.37954865,2021-08-04 10:53:00,1628095980
"32","072D524C 2021-08-04 16:54:00","072D524C","2021-08-04","16:54:00",6,411458.99184782,4261603.08548969,411302.887108372,411615.096587267,4261459.31020878,4261746.8607706,2021-08-04 10:54:00,1628096040
"33","072D524C 2021-08-04 16:55:00","072D524C","2021-08-04","16:55:00",6,411401.09021419,4261740.9639381,411186.732707524,411615.447720855,4261503.37461308,4261978.55326313,2021-08-04 10:55:00,1628096100
"34","072D524C 2021-08-04 16:56:00","072D524C","2021-08-04","16:56:00",6,411411.195475415,4261725.19726335,411221.583754716,411600.807196115,4261525.46121494,4261924.93331176,2021-08-04 10:56:00,1628096160
"35","072D524C 2021-08-04 16:57:00","072D524C","2021-08-04","16:57:00",6,411408.403090694,4261751.57299424,411188.514762141,411628.291419247,4261492.32602506,4262010.81996341,2021-08-04 10:57:00,1628096220
"36","072D524C 2021-08-04 16:58:00","072D524C","2021-08-04","16:58:00",6,411397.950479119,4261733.00374104,411174.190522235,411621.710436004,4261496.34375598,4261969.66372611,2021-08-04 10:58:00,1628096280
"37","072D524C 2021-08-04 16:59:00","072D524C","2021-08-04","16:59:00",6,411365.210400612,4261753.51721125,411137.446443414,411592.974357809,4261527.99560764,4261979.03881487,2021-08-04 10:59:00,1628096340
"38","072D524C 2021-08-04 17:00:00","072D524C","2021-08-04","17:00:00",6,411354.728623756,4261742.31650737,411152.75260347,411556.704644042,4261550.45235159,4261934.18066315,2021-08-04 11:00:00,1628096400
"39","072D524C 2021-08-04 17:01:00","072D524C","2021-08-04","17:01:00",4,411304.67199113,4261813.50796507,410991.51896475,411617.82501751,4261453.36792499,4262173.64800515,2021-08-04 11:01:00,1628096460
"40","072D524C 2021-08-04 17:02:00","072D524C","2021-08-04","17:02:00",4,411203.238625165,4261837.25402445,410987.062734572,411419.414515759,4261597.49382522,4262077.01422368,2021-08-04 11:02:00,1628096520
"41","072D524C 2021-08-04 17:03:00","072D524C","2021-08-04","17:03:00",6,411377.129455926,4261763.64935677,411144.424782717,411609.834129135,4261480.89024813,4262046.4084654,2021-08-04 11:03:00,1628096580
"42","072D524C 2021-08-04 17:04:00","072D524C","2021-08-04","17:04:00",6,411412.747671218,4261742.30476671,411264.896621779,411560.598720657,4261574.39564414,4261910.21388929,2021-08-04 11:04:00,1628096640
"43","072D524C 2021-08-04 17:05:00","072D524C","2021-08-04","17:05:00",4,411430.169933498,4261776.44537905,411341.602020661,411518.737846335,4261687.21043884,4261865.68031926,2021-08-04 11:05:00,1628096700
"44","072D524C 2021-08-04 17:10:00","072D524C","2021-08-04","17:10:00",4,411344.572195535,4261955.37042301,410956.903387137,411732.241003932,4261695.44816331,4262215.29268271,2021-08-04 11:10:00,1628097000
"45","072D524C 2021-08-04 17:11:00","072D524C","2021-08-04","17:11:00",3,411304.247720993,4261801.60379533,411203.086800732,411405.408641254,4261670.25274634,4261932.95484431,2021-08-04 11:11:00,1628097060
"46","072D524C 2021-08-04 17:12:00","072D524C","2021-08-04","17:12:00",6,411388.359541972,4261757.00417899,411220.987379664,411555.73170428,4261558.29993287,4261955.7084251,2021-08-04 11:12:00,1628097120
"47","072D524C 2021-08-04 17:13:00","072D524C","2021-08-04","17:13:00",6,411287.87173083,4261838.39717893,411207.696633647,411368.046828012,4261755.61118073,4261921.18317714,2021-08-04 11:13:00,1628097180
"48","072D524C 2021-08-04 17:14:00","072D524C","2021-08-04","17:14:00",6,411228.485552697,4261819.79448261,411141.503377957,411315.467727437,4261722.63059544,4261916.95836978,2021-08-04 11:14:00,1628097240
"49","072D524C 2021-08-04 17:15:00","072D524C","2021-08-04","17:15:00",6,411244.971971062,4261838.45995205,411173.310752329,411316.633189796,4261759.8888551,4261917.03104899,2021-08-04 11:15:00,1628097300
"50","072D524C 2021-08-04 17:16:00","072D524C","2021-08-04","17:16:00",5,411191.349225907,4261820.11615192,410970.733463859,411411.964987956,4261545.60190148,4262094.63040235,2021-08-04 11:16:00,1628097360
"51","072D524C 2021-08-04 17:17:00","072D524C","2021-08-04","17:17:00",5,411417.650878042,4261717.75937448,410998.402649002,411836.899107082,4261264.94359318,4262170.57515578,2021-08-04 11:17:00,1628097420
"52","072D524C 2021-08-04 17:18:00","072D524C","2021-08-04","17:18:00",4,411303.976293662,4261883.33099075,411094.817799028,411513.134788297,4261649.54441686,4262117.11756463,2021-08-04 11:18:00,1628097480
"53","072D524C 2021-08-04 17:19:00","072D524C","2021-08-04","17:19:00",5,411189.20064484,4261852.51688225,410972.509563259,411405.891726422,4261646.30571554,4262058.72804896,2021-08-04 11:19:00,1628097540
"54","072D524C 2021-08-04 17:20:00","072D524C","2021-08-04","17:20:00",5,411247.458263688,4261927.19126843,411123.288919776,411371.6276076,4261806.05015696,4262048.3323799,2021-08-04 11:20:00,1628097600
"55","072D524C 2021-08-04 17:21:00","072D524C","2021-08-04","17:21:00",7,411342.53249739,4261984.97113007,411197.956955936,411487.108038844,4261849.77249527,4262120.16976488,2021-08-04 11:21:00,1628097660
"56","072D524C 2021-08-04 17:22:00","072D524C","2021-08-04","17:22:00",5,411352.204496979,4261858.39515648,411146.00651416,411558.402479798,4261627.66803229,4262089.12228067,2021-08-04 11:22:00,1628097720
"57","072D524C 2021-08-04 17:23:00","072D524C","2021-08-04","17:23:00",5,411357.280274743,4261843.11073346,411117.061341012,411597.499208473,4261588.22548637,4262097.99598055,2021-08-04 11:23:00,1628097780
"58","072D524C 2021-08-04 17:24:00","072D524C","2021-08-04","17:24:00",5,411375.267788254,4261820.43752584,411044.111070471,411706.424506037,4261489.41840986,4262151.45664181,2021-08-04 11:24:00,1628097840
"59","072D524C 2021-08-04 17:25:00","072D524C","2021-08-04","17:25:00",5,411385.439211897,4261807.66291841,410996.315214105,411774.56320969,4261434.356532,4262180.96930481,2021-08-04 11:25:00,1628097900
"60","072D524C 2021-08-04 17:26:00","072D524C","2021-08-04","17:26:00",5,411344.677741795,4261933.70565457,411248.192032093,411441.163451498,4261817.77148203,4262049.63982712,2021-08-04 11:26:00,1628097960
"61","072D524C 2021-08-04 17:27:00","072D524C","2021-08-04","17:27:00",7,411346.149735509,4261993.25237203,411261.234078516,411431.065392501,4261913.83625759,4262072.66848647,2021-08-04 11:27:00,1628098020
"62","072D524C 2021-08-04 17:28:00","072D524C","2021-08-04","17:28:00",6,411392.617764797,4262026.77216448,411321.584887284,411463.65064231,4261975.85735552,4262077.68697344,2021-08-04 11:28:00,1628098080
"63","072D524C 2021-08-04 17:29:00","072D524C","2021-08-04","17:29:00",4,411366.497118065,4261989.64241794,411273.051241093,411459.942995037,4261922.70377059,4262056.58106529,2021-08-04 11:29:00,1628098140
"64","072D524C 2021-08-04 17:30:00","072D524C","2021-08-04","17:30:00",4,411362.211033945,4261995.14797154,411260.452151958,411463.969915932,4261923.08402974,4262067.21191335,2021-08-04 11:30:00,1628098200
"65","072D524C 2021-08-04 17:31:00","072D524C","2021-08-04","17:31:00",4,411342.545284848,4261988.00918532,411213.424947652,411471.665622045,4261890.65311324,4262085.3652574,2021-08-04 11:31:00,1628098260
"66","072D524C 2021-08-04 17:32:00","072D524C","2021-08-04","17:32:00",4,411426.354399089,4261915.1189378,411195.777045162,411656.931753016,4261664.25369936,4262165.98417624,2021-08-04 11:32:00,1628098320
"67","072D524C 2021-08-04 17:33:00","072D524C","2021-08-04","17:33:00",7,411394.366639291,4261994.79215394,411350.533893969,411438.199384612,4261957.04056432,4262032.54374356,2021-08-04 11:33:00,1628098380
"68","072D524C 2021-08-04 17:34:00","072D524C","2021-08-04","17:34:00",5,411379.723790355,4262003.78556704,411282.566226575,411476.881354136,4261919.88430029,4262087.6868338,2021-08-04 11:34:00,1628098440
"69","072D524C 2021-08-04 17:35:00","072D524C","2021-08-04","17:35:00",5,411392.132085896,4261907.95852588,411148.282943563,411635.98122823,4261663.49824673,4262152.41880502,2021-08-04 11:35:00,1628098500
"70","072D524C 2021-08-04 17:36:00","072D524C","2021-08-04","17:36:00",4,411314.086054673,4262013.97657236,411046.773303178,411581.398806167,4261756.67197692,4262271.2811678,2021-08-04 11:36:00,1628098560
"71","072D524C 2021-08-04 17:37:00","072D524C","2021-08-04","17:37:00",5,411315.728478481,4262004.43655744,411152.790643607,411478.666313354,4261842.04210089,4262166.83101399,2021-08-04 11:37:00,1628098620
"72","072D524C 2021-08-04 17:38:00","072D524C","2021-08-04","17:38:00",6,411337.818727837,4262139.18907622,411224.547052587,411451.090403087,4262052.79500572,4262225.58314673,2021-08-04 11:38:00,1628098680
"73","072D524C 2021-08-04 17:39:00","072D524C","2021-08-04","17:39:00",6,411365.83572336,4262140.65429533,411219.700417379,411511.97102934,4262038.30186901,4262243.00672166,2021-08-04 11:39:00,1628098740
"74","072D524C 2021-08-04 17:40:00","072D524C","2021-08-04","17:40:00",5,411368.062774933,4262138.68861059,411116.749989413,411619.375560454,4262004.04174149,4262273.3354797,2021-08-04 11:40:00,1628098800
"75","072D524C 2021-08-04 17:41:00","072D524C","2021-08-04","17:41:00",4,411278.380550537,4262197.83158848,410904.388946141,411652.372154933,4261753.02421526,4262642.63896169,2021-08-04 11:41:00,1628098860
"76","072D524C 2021-08-04 17:42:00","072D524C","2021-08-04","17:42:00",4,411273.562925629,4262196.9435397,410882.551396461,411664.574454797,4261732.73712835,4262661.14995105,2021-08-04 11:42:00,1628098920
"77","072D524C 2021-08-04 17:43:00","072D524C","2021-08-04","17:43:00",4,411278.060714589,4262198.20543926,410906.123436268,411649.997992909,4261755.65507105,4262640.75580746,2021-08-04 11:43:00,1628098980
"78","072D524C 2021-08-04 17:44:00","072D524C","2021-08-04","17:44:00",4,411278.132386519,4262198.99492509,410906.396800996,411649.867972042,4261756.12623155,4262641.86361863,2021-08-04 11:44:00,1628099040
"79","072D524C 2021-08-04 17:45:00","072D524C","2021-08-04","17:45:00",6,411402.127074055,4262147.38104677,411218.497632238,411585.756515872,4262024.60102373,4262270.16106981,2021-08-04 11:45:00,1628099100
"80","072D524C 2021-08-04 17:46:00","072D524C","2021-08-04","17:46:00",5,411096.923745108,4262002.4178068,410806.327517673,411387.519972544,4261670.26077121,4262334.57484239,2021-08-04 11:46:00,1628099160
"81","072D524C 2021-08-04 17:47:00","072D524C","2021-08-04","17:47:00",5,411292.384213315,4262230.54291108,411034.339470931,411550.4289557,4261937.3530597,4262523.73276245,2021-08-04 11:47:00,1628099220
"82","072D524C 2021-08-04 17:48:00","072D524C","2021-08-04","17:48:00",6,411228.040248082,4262066.8226333,411165.022762289,411291.057733874,4261981.65776867,4262151.98749794,2021-08-04 11:48:00,1628099280
"83","072D524C 2021-08-04 17:49:00","072D524C","2021-08-04","17:49:00",5,411099.538431684,4262155.60966449,410895.993340367,411303.083523,4261908.98946029,4262402.22986868,2021-08-04 11:49:00,1628099340
"84","072D524C 2021-08-04 17:50:00","072D524C","2021-08-04","17:50:00",3,411193.466197374,4262181.17919146,410197.699741684,412189.232653065,4261371.17339097,4262991.18499196,2021-08-04 11:50:00,1628099400
"85","072D524C 2021-08-04 17:51:00","072D524C","2021-08-04","17:51:00",5,411203.885794049,4262290.94522087,410890.577364579,411517.194223519,4261879.89772948,4262701.99271227,2021-08-04 11:51:00,1628099460
"86","072D524C 2021-08-04 17:52:00","072D524C","2021-08-04","17:52:00",5,411197.469722046,4262255.17420577,411154.26243088,411240.677013212,4262188.69868379,4262321.64972775,2021-08-04 11:52:00,1628099520
"87","072D524C 2021-08-04 17:53:00","072D524C","2021-08-04","17:53:00",4,411237.165850326,4262308.0890553,411129.200517885,411345.131182767,4262192.61738845,4262423.56072215,2021-08-04 11:53:00,1628099580
"88","072D524C 2021-08-04 17:54:00","072D524C","2021-08-04","17:54:00",5,411203.027917785,4262344.73669358,411003.487590265,411402.568245305,4262167.45615091,4262522.01723624,2021-08-04 11:54:00,1628099640
"89","072D524C 2021-08-04 17:55:00","072D524C","2021-08-04","17:55:00",4,411294.932010984,4262151.72218109,411077.472654691,411512.391367277,4261913.07920446,4262390.36515773,2021-08-04 11:55:00,1628099700
"90","072D524C 2021-08-04 17:56:00","072D524C","2021-08-04","17:56:00",4,411226.734686967,4262216.01322408,411169.962881114,411283.50649282,4262147.6737091,4262284.35273906,2021-08-04 11:56:00,1628099760
"91","072D524C 2021-08-04 17:57:00","072D524C","2021-08-04","17:57:00",5,411207.094595037,4262250.18492528,411037.372816269,411376.816373806,4261994.12462783,4262506.24522273,2021-08-04 11:57:00,1628099820
"92","072D524C 2021-08-04 17:58:00","072D524C","2021-08-04","17:58:00",3,411384.010450503,4262227.29407686,410545.501737056,412222.51916395,4261265.53238736,4263189.05576635,2021-08-04 11:58:00,1628099880
"93","072D524C 2021-08-04 17:59:00","072D524C","2021-08-04","17:59:00",3,411405.457087361,4262149.45345597,409646.408909208,413164.505265513,4261524.42677355,4262774.48013839,2021-08-04 11:59:00,1628099940
"94","072D524C 2021-08-04 18:00:00","072D524C","2021-08-04","18:00:00",3,411545.014189447,4261911.6748112,410497.915793285,412592.112585609,4260946.89222211,4262876.4574003,2021-08-04 12:00:00,1628100000
"95","072D524C 2021-08-04 18:01:00","072D524C","2021-08-04","18:01:00",4,411444.873103714,4262010.15096974,411274.587327894,411615.158879534,4261847.15698131,4262173.14495817,2021-08-04 12:01:00,1628100060
"96","072D524C 2021-08-04 18:02:00","072D524C","2021-08-04","18:02:00",4,411437.865136343,4261998.73186451,411233.652913367,411642.077359319,4261813.69244353,4262183.7712855,2021-08-04 12:02:00,1628100120
"97","072D524C 2021-08-04 18:03:00","072D524C","2021-08-04","18:03:00",4,411544.552642134,4261906.91927056,411295.655256703,411793.450027566,4261723.67264621,4262090.16589491,2021-08-04 12:03:00,1628100180
"98","072D524C 2021-08-04 18:04:00","072D524C","2021-08-04","18:04:00",5,411599.13441062,4261908.64022703,411414.857873499,411783.410947741,4261721.36498374,4262095.91547032,2021-08-04 12:04:00,1628100240
"99","072D524C 2021-08-04 18:05:00","072D524C","2021-08-04","18:05:00",3,411305.534510699,4261981.02961994,410354.340918392,412256.728103006,4260472.42460891,4263489.63463098,2021-08-04 12:05:00,1628100300
"100","072D524C 2021-08-04 18:06:00","072D524C","2021-08-04","18:06:00",3,411487.253289049,4261992.8982841,409965.082038191,413009.424539908,4261034.7854663,4262951.0111019,2021-08-04 12:06:00,1628100360
"101","072D524C 2021-08-04 18:08:00","072D524C","2021-08-04","18:08:00",3,411501.055334928,4262001.20219413,410505.255427696,412496.85524216,4261343.08007999,4262659.32430828,2021-08-04 12:08:00,1628100480
"102","072D524C 2021-08-04 18:09:00","072D524C","2021-08-04","18:09:00",3,411489.184989975,4261997.63026955,410701.737092048,412276.632887902,4261481.32350669,4262513.93703242,2021-08-04 12:09:00,1628100540
"103","072D524C 2021-08-04 18:10:00","072D524C","2021-08-04","18:10:00",6,411494.165451615,4261880.94622568,411343.790696511,411644.540206719,4261740.3678556,4262021.52459576,2021-08-04 12:10:00,1628100600
"104","072D524C 2021-08-04 18:11:00","072D524C","2021-08-04","18:11:00",5,411502.956732136,4261910.31136161,411202.44485077,411803.468613502,4261708.08314153,4262112.5395817,2021-08-04 12:11:00,1628100660
"105","072D524C 2021-08-04 18:12:00","072D524C","2021-08-04","18:12:00",6,411441.689359563,4261907.88674549,411283.874801543,411599.503917583,4261765.17269972,4262050.60079126,2021-08-04 12:12:00,1628100720
"106","072D524C 2021-08-04 18:13:00","072D524C","2021-08-04","18:13:00",6,411400.131541749,4261765.07045397,411295.792885768,411504.47019773,4261634.70093023,4261895.43997771,2021-08-04 12:13:00,1628100780
"107","072D524C 2021-08-04 18:14:00","072D524C","2021-08-04","18:14:00",5,411393.197137895,4261715.52774558,411270.383346195,411516.010929596,4261585.47975948,4261845.57573168,2021-08-04 12:14:00,1628100840
"108","072D524C 2021-08-04 18:15:00","072D524C","2021-08-04","18:15:00",7,411445.045782106,4261630.67209808,411332.103336996,411557.988227217,4261532.98296873,4261728.36122744,2021-08-04 12:15:00,1628100900
"109","072D524C 2021-08-04 18:16:00","072D524C","2021-08-04","18:16:00",6,411403.891775313,4261698.84654321,411283.739068273,411524.044482353,4261584.95257597,4261812.74051046,2021-08-04 12:16:00,1628100960
"110","072D524C 2021-08-04 18:17:00","072D524C","2021-08-04","18:17:00",4,411215.124632769,4261755.51938981,411045.58678664,411384.662478898,4261580.63317455,4261930.40560506,2021-08-04 12:17:00,1628101020
"111","072D524C 2021-08-04 18:18:00","072D524C","2021-08-04","18:18:00",5,411226.61362684,4261775.44844986,411086.92402321,411366.303230469,4261593.60864928,4261957.28825045,2021-08-04 12:18:00,1628101080
"112","072D524C 2021-08-04 18:19:00","072D524C","2021-08-04","18:19:00",5,411083.775715282,4262019.41950425,410927.365958251,411240.185472313,4261894.21019466,4262144.62881384,2021-08-04 12:19:00,1628101140
"113","072D524C 2021-08-04 18:20:00","072D524C","2021-08-04","18:20:00",5,411227.911856009,4261804.41254229,411092.229717508,411363.59399451,4261635.49283119,4261973.3322534,2021-08-04 12:20:00,1628101200
"114","072D524C 2021-08-04 18:21:00","072D524C","2021-08-04","18:21:00",5,411077.011876292,4262029.84177615,410935.672402726,411218.351349858,4261912.86203981,4262146.82151248,2021-08-04 12:21:00,1628101260
"115","072D524C 2021-08-04 18:22:00","072D524C","2021-08-04","18:22:00",5,411191.059370904,4261800.14835101,411101.96714781,411280.151593998,4261696.60031699,4261903.69638503,2021-08-04 12:22:00,1628101320
"116","072D524C 2021-08-04 18:23:00","072D524C","2021-08-04","18:23:00",5,411165.65811744,4261795.78328547,411038.508910707,411292.807324174,4261652.94911551,4261938.61745544,2021-08-04 12:23:00,1628101380
"117","072D524C 2021-08-04 18:24:00","072D524C","2021-08-04","18:24:00",5,411183.196134422,4261786.31454933,411036.974360074,411329.417908771,4261622.56844168,4261950.06065698,2021-08-04 12:24:00,1628101440
"118","072D524C 2021-08-04 18:25:00","072D524C","2021-08-04","18:25:00",4,411195.271380012,4261812.17176859,411042.919579547,411347.623180477,4261610.84063839,4262013.5028988,2021-08-04 12:25:00,1628101500
"119","072D524C 2021-08-04 18:26:00","072D524C","2021-08-04","18:26:00",5,411125.853724503,4261680.24934228,410805.243648924,411446.463800081,4261333.42564809,4262027.07303646,2021-08-04 12:26:00,1628101560
"120","072D524C 2021-08-04 18:27:00","072D524C","2021-08-04","18:27:00",5,411157.882231272,4261785.11505216,411012.356736391,411303.407726153,4261624.12599274,4261946.10411159,2021-08-04 12:27:00,1628101620
"121","072D524C 2021-08-04 18:28:00","072D524C","2021-08-04","18:28:00",5,411164.057584526,4261786.27520112,411016.41578174,411311.699387311,4261623.50150681,4261949.04889542,2021-08-04 12:28:00,1628101680
"122","072D524C 2021-08-04 18:29:00","072D524C","2021-08-04","18:29:00",5,411172.520495931,4261790.15434363,411041.763685589,411303.277306273,4261644.69862335,4261935.61006392,2021-08-04 12:29:00,1628101740
"123","072D524C 2021-08-04 18:30:00","072D524C","2021-08-04","18:30:00",5,411131.989467544,4261754.31607673,410943.554594017,411320.424341071,4261517.54871471,4261991.08343875,2021-08-04 12:30:00,1628101800
"124","072D524C 2021-08-04 18:31:00","072D524C","2021-08-04","18:31:00",5,411129.209272241,4261752.95181197,410949.319821869,411309.098722613,4261522.40700049,4261983.49662345,2021-08-04 12:31:00,1628101860
"125","072D524C 2021-08-04 18:32:00","072D524C","2021-08-04","18:32:00",5,411122.978196035,4261748.9063066,410939.745853945,411306.210538125,4261503.24366811,4261994.56894509,2021-08-04 12:32:00,1628101920
"126","072D524C 2021-08-04 18:33:00","072D524C","2021-08-04","18:33:00",5,411126.597042473,4261751.88080414,410948.204496066,411304.989588879,4261519.35031764,4261984.41129065,2021-08-04 12:33:00,1628101980
"127","072D524C 2021-08-04 18:34:00","072D524C","2021-08-04","18:34:00",5,411130.376924442,4261760.28868621,410972.679004832,411288.074844053,4261564.74251531,4261955.8348571,2021-08-04 12:34:00,1628102040
"128","072D524C 2021-08-04 18:35:00","072D524C","2021-08-04","18:35:00",5,411143.254828737,4261771.18103128,411030.585993692,411255.923663783,4261642.55157215,4261899.81049041,2021-08-04 12:35:00,1628102100
"129","072D524C 2021-08-04 18:36:00","072D524C","2021-08-04","18:36:00",5,411165.549752084,4261802.92685452,411023.699030878,411307.40047329,4261641.14050828,4261964.71320076,2021-08-04 12:36:00,1628102160
"130","072D524C 2021-08-04 18:37:00","072D524C","2021-08-04","18:37:00",6,411133.772895669,4261838.55960014,411052.847058414,411214.698732924,4261757.06876535,4261920.05043494,2021-08-04 12:37:00,1628102220
"131","072D524C 2021-08-04 18:38:00","072D524C","2021-08-04","18:38:00",6,411126.861167005,4261836.70660845,411039.511984078,411214.210349933,4261749.91964042,4261923.49357647,2021-08-04 12:38:00,1628102280
"132","072D524C 2021-08-04 18:39:00","072D524C","2021-08-04","18:39:00",5,411149.537483334,4261790.47147226,411007.847066793,411291.227899875,4261630.61796542,4261950.32497909,2021-08-04 12:39:00,1628102340
"133","072D524C 2021-08-04 18:40:00","072D524C","2021-08-04","18:40:00",5,411154.724831993,4261787.50769702,411013.07615713,411296.373506856,4261629.55905597,4261945.45633806,2021-08-04 12:40:00,1628102400
"134","072D524C 2021-08-04 18:41:00","072D524C","2021-08-04","18:41:00",5,411162.469671051,4261792.0824916,411025.408678807,411299.530663296,4261639.1575761,4261945.0074071,2021-08-04 12:41:00,1628102460
"135","072D524C 2021-08-04 18:42:00","072D524C","2021-08-04","18:42:00",5,411158.790594901,4261782.34445326,411038.971718392,411278.60947141,4261650.53715541,4261914.15175112,2021-08-04 12:42:00,1628102520
"136","072D524C 2021-08-04 18:43:00","072D524C","2021-08-04","18:43:00",5,411168.545573913,4261803.94735093,411040.320903582,411296.770244244,4261657.26813268,4261950.62656918,2021-08-04 12:43:00,1628102580
"137","072D524C 2021-08-04 18:44:00","072D524C","2021-08-04","18:44:00",6,411173.861329611,4261815.83885216,411038.110239574,411309.612419649,4261676.92829241,4261954.74941191,2021-08-04 12:44:00,1628102640
"138","072D524C 2021-08-04 18:45:00","072D524C","2021-08-04","18:45:00",5,411170.672939823,4261771.69730443,410958.375567759,411382.970311888,4261544.65186402,4261998.74274484,2021-08-04 12:45:00,1628102700
"139","072D524C 2021-08-04 18:46:00","072D524C","2021-08-04","18:46:00",4,411215.855453217,4261773.8961201,410941.941024599,411489.769881835,4261488.24113699,4262059.55110321,2021-08-04 12:46:00,1628102760
"140","072D524C 2021-08-04 18:47:00","072D524C","2021-08-04","18:47:00",5,411215.245896294,4261783.31836462,411072.835832282,411357.655960307,4261607.3835243,4261959.25320494,2021-08-04 12:47:00,1628102820
"141","072D524C 2021-08-04 18:48:00","072D524C","2021-08-04","18:48:00",6,411174.919577956,4261779.30002469,411037.253785174,411312.585370737,4261648.51855575,4261910.08149364,2021-08-04 12:48:00,1628102880
"142","072D524C 2021-08-04 18:49:00","072D524C","2021-08-04","18:49:00",5,411180.406656824,4261775.25782562,411010.31161786,411350.501695788,4261589.4755623,4261961.04008895,2021-08-04 12:49:00,1628102940
"143","072D524C 2021-08-04 18:50:00","072D524C","2021-08-04","18:50:00",5,411193.984960936,4261776.05112094,411056.265682899,411331.704238973,4261618.70057867,4261933.40166322,2021-08-04 12:50:00,1628103000
"144","072D524C 2021-08-04 18:51:00","072D524C","2021-08-04","18:51:00",5,411187.143966474,4261785.97093093,410997.721466552,411376.566466395,4261572.08777728,4261999.85408459,2021-08-04 12:51:00,1628103060
"145","072D524C 2021-08-04 18:52:00","072D524C","2021-08-04","18:52:00",5,411132.639008829,4261799.97118872,410988.566853889,411276.71116377,4261632.36110113,4261967.58127631,2021-08-04 12:52:00,1628103120
"146","072D524C 2021-08-04 18:53:00","072D524C","2021-08-04","18:53:00",5,411027.838141323,4261808.81383123,410955.745517474,411099.930765171,4261743.30930234,4261874.31836011,2021-08-04 12:53:00,1628103180
"147","072D524C 2021-08-04 18:54:00","072D524C","2021-08-04","18:54:00",5,411015.395758807,4261769.20458012,410943.665963974,411087.125553641,4261676.85110565,4261861.55805459,2021-08-04 12:54:00,1628103240
"148","072D524C 2021-08-04 18:55:00","072D524C","2021-08-04","18:55:00",5,410954.073541594,4261756.24671882,410850.969857073,411057.177226116,4261672.37274029,4261840.12069736,2021-08-04 12:55:00,1628103300
"149","072D524C 2021-08-04 18:56:00","072D524C","2021-08-04","18:56:00",3,410991.122002334,4261739.65329977,410710.795431105,411271.448573564,4261271.96696001,4262207.33963952,2021-08-04 12:56:00,1628103360
"150","072D524C 2021-08-04 18:57:00","072D524C","2021-08-04","18:57:00",5,410915.965178506,4261750.36235386,410677.232431743,411154.697925269,4261511.2533381,4261989.47136962,2021-08-04 12:57:00,1628103420
"151","072D524C 2021-08-04 18:58:00","072D524C","2021-08-04","18:58:00",4,410911.76427763,4261600.87499506,410376.555884339,411446.972670921,4261244.12016366,4261957.62982645,2021-08-04 12:58:00,1628103480
"152","072D524C 2021-08-04 18:59:00","072D524C","2021-08-04","18:59:00",5,410795.741696453,4261764.06318425,410522.643754513,411068.839638393,4261412.2026002,4262115.92376831,2021-08-04 12:59:00,1628103540
"153","072D524C 2021-08-04 19:00:00","072D524C","2021-08-04","19:00:00",5,410919.47148152,4261751.12775807,410776.770949048,411062.172013991,4261609.04224534,4261893.2132708,2021-08-04 13:00:00,1628103600
"154","072D524C 2021-08-04 19:01:00","072D524C","2021-08-04","19:01:00",5,411004.27688945,4261824.28537647,410842.270497805,411166.283281096,4261661.84654746,4261986.72420549,2021-08-04 13:01:00,1628103660
"155","072D524C 2021-08-04 19:02:00","072D524C","2021-08-04","19:02:00",3,411447.429669219,4261360.64058843,411334.862376859,411559.996961578,4261250.47065818,4261470.81051868,2021-08-04 13:02:00,1628103720
"156","072D524C 2021-08-04 19:19:00","072D524C","2021-08-04","19:19:00",3,411163.807635851,4261569.41675741,411112.894943512,411214.720328189,4261517.44321955,4261621.39029527,2021-08-04 13:19:00,1628104740
"157","072D524C 2021-08-04 19:20:00","072D524C","2021-08-04","19:20:00",5,410931.359208366,4261295.43350952,410834.763200891,411027.955215841,4261239.87220874,4261350.9948103,2021-08-04 13:20:00,1628104800
"158","072D524C 2021-08-04 19:21:00","072D524C","2021-08-04","19:21:00",4,410929.175656919,4261310.00962697,410677.841352753,411180.509961085,4261076.25870341,4261543.76055053,2021-08-04 13:21:00,1628104860
"159","072D524C 2021-08-04 19:22:00","072D524C","2021-08-04","19:22:00",3,410933.916014961,4261343.12592184,410152.433319316,411715.398710607,4260844.82798414,4261841.42385954,2021-08-04 13:22:00,1628104920
"160","072D524C 2021-08-04 19:23:00","072D524C","2021-08-04","19:23:00",3,410949.506258802,4261274.45737042,410250.672119598,411648.340398006,4260726.37797191,4261822.53676892,2021-08-04 13:23:00,1628104980
"161","072D524C 2021-08-04 19:24:00","072D524C","2021-08-04","19:24:00",3,410955.986382923,4261280.3450371,410282.968424358,411629.004341489,4260799.28828644,4261761.40178776,2021-08-04 13:24:00,1628105040
"162","072D524C 2021-08-04 19:25:00","072D524C","2021-08-04","19:25:00",5,410920.328938789,4261273.28744782,410675.519974872,411165.137902705,4261113.85096206,4261432.72393359,2021-08-04 13:25:00,1628105100
"163","072D524C 2021-08-04 19:26:00","072D524C","2021-08-04","19:26:00",3,410962.202286522,4261284.35617088,409697.147253801,412227.257319242,4260444.34914033,4262124.36320143,2021-08-04 13:26:00,1628105160
"164","072D524C 2021-08-04 19:27:00","072D524C","2021-08-04","19:27:00",4,410933.024574425,4261272.02647895,410741.746615429,411124.30253342,4261071.70411749,4261472.34884041,2021-08-04 13:27:00,1628105220
"165","072D524C 2021-08-04 19:28:00","072D524C","2021-08-04","19:28:00",4,411126.656002132,4261335.79175523,410808.984262764,411444.3277415,4260925.95457356,4261745.62893691,2021-08-04 13:28:00,1628105280
"166","072D524C 2021-08-04 19:29:00","072D524C","2021-08-04","19:29:00",5,411162.034924449,4261255.55431778,410969.60809679,411354.461752107,4261061.37063171,4261449.73800384,2021-08-04 13:29:00,1628105340
"167","072D524C 2021-08-04 19:30:00","072D524C","2021-08-04","19:30:00",4,411065.994186623,4261403.35883997,410849.645806048,411282.342567199,4261120.11788354,4261686.59979639,2021-08-04 13:30:00,1628105400
"168","072D524C 2021-08-04 19:31:00","072D524C","2021-08-04","19:31:00",5,411133.691991577,4261285.44181306,410999.308337693,411268.075645461,4261151.39390127,4261419.48972485,2021-08-04 13:31:00,1628105460
"169","072D524C 2021-08-04 19:32:00","072D524C","2021-08-04","19:32:00",4,411177.586961854,4261304.90517345,411029.885832572,411325.288091135,4261153.18198694,4261456.62835995,2021-08-04 13:32:00,1628105520
"170","072D524C 2021-08-04 19:33:00","072D524C","2021-08-04","19:33:00",5,411151.769485172,4261262.09279255,410967.148249378,411336.390720965,4261071.89058599,4261452.29499911,2021-08-04 13:33:00,1628105580
"171","072D524C 2021-08-04 19:34:00","072D524C","2021-08-04","19:34:00",5,411154.698023589,4261225.32657203,410878.431063082,411430.964984096,4260932.32678058,4261518.32636348,2021-08-04 13:34:00,1628105640
"172","072D524C 2021-08-04 19:35:00","072D524C","2021-08-04","19:35:00",4,411158.363742904,4261311.58699921,410819.908212912,411496.819272896,4260956.17958529,4261666.99441313,2021-08-04 13:35:00,1628105700
"173","072D524C 2021-08-04 19:36:00","072D524C","2021-08-04","19:36:00",6,411130.341921978,4261354.6055737,411047.61805768,411213.065786276,4261269.4478275,4261439.7633199,2021-08-04 13:36:00,1628105760
"174","072D524C 2021-08-04 19:37:00","072D524C","2021-08-04","19:37:00",3,410991.837195547,4261318.93740037,410435.513259163,411548.161131931,4260856.61198416,4261781.26281659,2021-08-04 13:37:00,1628105820
"175","072D524C 2021-08-04 19:38:00","072D524C","2021-08-04","19:38:00",3,411110.77711655,4261591.35499984,410541.821350645,411679.732882456,4260812.10877438,4262370.6012253,2021-08-04 13:38:00,1628105880
"176","072D524C 2021-08-04 19:40:00","072D524C","2021-08-04","19:40:00",3,410980.94969163,4261195.97316174,408775.282126715,413186.617256544,4259664.16496748,4262727.78135599,2021-08-04 13:40:00,1628106000
"177","072D524C 2021-08-04 19:41:00","072D524C","2021-08-04","19:41:00",3,411068.699797488,4261433.70025379,410336.172164164,411801.227430811,4260695.81029138,4262171.59021619,2021-08-04 13:41:00,1628106060
"178","072D524C 2021-08-04 19:42:00","072D524C","2021-08-04","19:42:00",3,411243.016532376,4261640.23999316,409997.561378882,412488.471685869,4260769.45394147,4262511.02604484,2021-08-04 13:42:00,1628106120
"179","072D524C 2021-08-04 19:43:00","072D524C","2021-08-04","19:43:00",4,411243.301244214,4261595.96711192,411061.303618392,411425.298870037,4261393.8906469,4261798.04357695,2021-08-04 13:43:00,1628106180
"180","072D524C 2021-08-04 19:44:00","072D524C","2021-08-04","19:44:00",4,411319.273244285,4261547.9347246,411212.501079144,411426.045409425,4261413.9436564,4261681.92579281,2021-08-04 13:44:00,1628106240
"181","072D524C 2021-08-04 19:45:00","072D524C","2021-08-04","19:45:00",4,411221.724185888,4261671.70982412,411120.601815553,411322.846556223,4261570.69858366,4261772.72106458,2021-08-04 13:45:00,1628106300
"182","072D524C 2021-08-04 19:46:00","072D524C","2021-08-04","19:46:00",5,411184.972733496,4261691.11155997,411031.586517266,411338.358949727,4261570.38221806,4261811.84090189,2021-08-04 13:46:00,1628106360
"183","072D524C 2021-08-04 19:47:00","072D524C","2021-08-04","19:47:00",3,411295.684136059,4261829.38182997,410918.491214844,411672.877057274,4261563.0728359,4262095.69082403,2021-08-04 13:47:00,1628106420
"184","072D524C 2021-08-04 19:49:00","072D524C","2021-08-04","19:49:00",3,411227.401547503,4261743.30756089,410829.805175135,411624.99791987,4261244.90927924,4262241.70584255,2021-08-04 13:49:00,1628106540
"185","072D524C 2021-08-04 19:50:00","072D524C","2021-08-04","19:50:00",4,411140.473475961,4261813.07031339,411063.485838912,411217.461113009,4261726.87515722,4261899.26546956,2021-08-04 13:50:00,1628106600
"186","072D524C 2021-08-04 19:51:00","072D524C","2021-08-04","19:51:00",4,411176.464838761,4261820.89588564,411138.697357832,411214.23231969,4261774.7257773,4261867.06599398,2021-08-04 13:51:00,1628106660
"187","072D524C 2021-08-04 19:52:00","072D524C","2021-08-04","19:52:00",4,411182.352169885,4261811.48149296,411121.907641255,411242.796698515,4261736.04711427,4261886.91587165,2021-08-04 13:52:00,1628106720
"188","072D524C 2021-08-04 19:53:00","072D524C","2021-08-04","19:53:00",5,411156.358762778,4261769.99699651,411038.625459182,411274.092066374,4261641.98295273,4261898.01104029,2021-08-04 13:53:00,1628106780
"189","072D524C 2021-08-04 19:54:00","072D524C","2021-08-04","19:54:00",5,411178.333346606,4261905.11246523,411029.883901324,411326.782791889,4261750.85442724,4262059.37050322,2021-08-04 13:54:00,1628106840
"190","072D524C 2021-08-04 19:55:00","072D524C","2021-08-04","19:55:00",5,411169.531614547,4261853.68086379,411027.890878264,411311.172350831,4261722.64555157,4261984.71617602,2021-08-04 13:55:00,1628106900
"191","072D524C 2021-08-04 19:56:00","072D524C","2021-08-04","19:56:00",5,411173.33411184,4261843.78027488,411043.425112784,411303.243110896,4261728.00041845,4261959.5601313,2021-08-04 13:56:00,1628106960
"192","072D524C 2021-08-04 19:57:00","072D524C","2021-08-04","19:57:00",5,411117.02162188,4261844.62828304,410974.850562893,411259.192680866,4261710.98102399,4261978.27554209,2021-08-04 13:57:00,1628107020
"193","072D524C 2021-08-04 19:58:00","072D524C","2021-08-04","19:58:00",4,411206.792264203,4261995.05879354,411018.67718186,411394.907346546,4261795.35691262,4262194.76067447,2021-08-04 13:58:00,1628107080
"194","072D524C 2021-08-04 19:59:00","072D524C","2021-08-04","19:59:00",3,410824.648004491,4261971.64024302,410150.422379963,411498.873629019,4261376.41173288,4262566.86875317,2021-08-04 13:59:00,1628107140
"195","072D524C 2021-08-04 20:00:00","072D524C","2021-08-04","20:00:00",6,410853.674635753,4261821.28981941,410773.741797079,410933.607474428,4261747.22929618,4261895.35034264,2021-08-04 14:00:00,1628107200
"196","072D524C 2021-08-04 20:01:00","072D524C","2021-08-04","20:01:00",6,410972.74778727,4261952.36419747,410816.332599164,411129.162975377,4261756.8332607,4262147.89513423,2021-08-04 14:01:00,1628107260
"197","072D524C 2021-08-04 20:02:00","072D524C","2021-08-04","20:02:00",4,410929.481688672,4261812.10842573,410857.151867137,411001.811510207,4261764.54518597,4261859.67166549,2021-08-04 14:02:00,1628107320
"198","072D524C 2021-08-04 20:06:00","072D524C","2021-08-04","20:06:00",4,410948.661554703,4261877.20921015,410845.443182806,411051.8799266,4261780.7146298,4261973.70379049,2021-08-04 14:06:00,1628107560
"199","072D524C 2021-08-04 20:07:00","072D524C","2021-08-04","20:07:00",5,410934.571425279,4261939.52555503,410765.474078763,411103.668771796,4261777.51074541,4262101.54036466,2021-08-04 14:07:00,1628107620
"200","072D524C 2021-08-04 20:08:00","072D524C","2021-08-04","20:08:00",4,410702.142400188,4261986.72026108,410464.074366007,410940.210434368,4261661.42633458,4262312.01418757,2021-08-04 14:08:00,1628107680
"201","072D524C 2021-08-04 20:09:00","072D524C","2021-08-04","20:09:00",4,410950.596149932,4261859.82533505,410649.728649424,411251.463650441,4261604.53003189,4262115.12063821,2021-08-04 14:09:00,1628107740
"202","072D524C 2021-08-04 20:10:00","072D524C","2021-08-04","20:10:00",6,410840.732448997,4261799.72912576,410649.597747185,411031.86715081,4261622.14124217,4261977.31700934,2021-08-04 14:10:00,1628107800
"203","072D524C 2021-08-04 20:11:00","072D524C","2021-08-04","20:11:00",4,410815.916669999,4261945.01605395,410469.346978122,411162.486361877,4261657.20205479,4262232.83005311,2021-08-04 14:11:00,1628107860
"204","072D524C 2021-08-04 20:12:00","072D524C","2021-08-04","20:12:00",6,410993.646093699,4261863.0486822,410916.746082074,411070.546105324,4261778.99812609,4261947.09923832,2021-08-04 14:12:00,1628107920
"205","072D524C 2021-08-04 20:13:00","072D524C","2021-08-04","20:13:00",4,411232.525006435,4261840.16805005,410846.62893339,411618.42107948,4261419.05659079,4262261.27950931,2021-08-04 14:13:00,1628107980
"206","072D524C 2021-08-04 20:14:00","072D524C","2021-08-04","20:14:00",3,411165.527497199,4261826.89237266,410450.988733508,411880.066260891,4261232.8964468,4262420.88829852,2021-08-04 14:14:00,1628108040
"207","344C7834 2021-08-04 16:12:00","344C7834","2021-08-04","16:12:00",3,411752.77552902,4261440.79259491,410998.669200178,412506.881857863,4260625.21545495,4262256.36973486,2021-08-04 10:12:00,1628093520
"208","344C7834 2021-08-04 16:13:00","344C7834","2021-08-04","16:13:00",3,411719.050112535,4261474.60090315,411434.664121048,412003.436104021,4261082.88617782,4261866.31562848,2021-08-04 10:13:00,1628093580
"209","344C7834 2021-08-04 16:14:00","344C7834","2021-08-04","16:14:00",4,411727.524992751,4261464.46542497,411537.706594203,411917.343391299,4261241.73552075,4261687.1953292,2021-08-04 10:14:00,1628093640
"210","344C7834 2021-08-04 16:15:00","344C7834","2021-08-04","16:15:00",3,411799.19818927,4261477.95045125,411561.996047096,412036.400331443,4260858.66021859,4262097.24068392,2021-08-04 10:15:00,1628093700
"211","344C7834 2021-08-04 16:16:00","344C7834","2021-08-04","16:16:00",3,411801.268764619,4261542.5743365,411409.793955052,412192.743574186,4260405.05851634,4262680.09015667,2021-08-04 10:16:00,1628093760
"212","344C7834 2021-08-04 16:21:00","344C7834","2021-08-04","16:21:00",3,411731.209056882,4261710.45240292,409425.889217915,414036.528895849,4260026.23480632,4263394.66999952,2021-08-04 10:21:00,1628094060
"213","344C7834 2021-08-04 16:22:00","344C7834","2021-08-04","16:22:00",3,411787.089129007,4261476.63212504,411423.198458183,412150.97979983,4260599.67952927,4262353.58472082,2021-08-04 10:22:00,1628094120
"214","344C7834 2021-08-04 16:26:00","344C7834","2021-08-04","16:26:00",3,411739.642699968,4261461.4716551,411710.407877379,411768.877522557,4261415.42633247,4261507.51697772,2021-08-04 10:26:00,1628094360
"215","344C7834 2021-08-04 16:30:00","344C7834","2021-08-04","16:30:00",3,411697.514367721,4261158.96482589,410611.529598954,412783.499136487,4259749.98121912,4262567.94843266,2021-08-04 10:30:00,1628094600
"216","344C7834 2021-08-04 16:32:00","344C7834","2021-08-04","16:32:00",3,411640.51091337,4261610.76263805,411454.93246486,411826.08936188,4261459.84809736,4261761.67717874,2021-08-04 10:32:00,1628094720
"217","344C7834 2021-08-04 16:33:00","344C7834","2021-08-04","16:33:00",3,411636.525035175,4261596.25097023,411562.135566743,411710.914503607,4261528.76856996,4261663.7333705,2021-08-04 10:33:00,1628094780
"218","344C7834 2021-08-04 16:34:00","344C7834","2021-08-04","16:34:00",4,411603.208353337,4261520.69447822,411391.029473708,411815.387232967,4261309.61318413,4261731.77577232,2021-08-04 10:34:00,1628094840
"219","344C7834 2021-08-04 16:35:00","344C7834","2021-08-04","16:35:00",4,411612.581782503,4261513.18061175,411413.640277532,411811.523287475,4261318.82524034,4261707.53598317,2021-08-04 10:35:00,1628094900
"220","344C7834 2021-08-04 16:36:00","344C7834","2021-08-04","16:36:00",4,411614.597176012,4261507.5867633,411422.736467667,411806.457884356,4261325.89431166,4261689.27921493,2021-08-04 10:36:00,1628094960
"221","344C7834 2021-08-04 16:37:00","344C7834","2021-08-04","16:37:00",4,411592.771841439,4261547.17025874,411347.484549945,411838.059132933,4261297.47048376,4261796.87003373,2021-08-04 10:37:00,1628095020
"222","344C7834 2021-08-04 16:38:00","344C7834","2021-08-04","16:38:00",7,411505.678064423,4261686.66194673,411318.941626192,411692.414502654,4261516.54298538,4261856.78090807,2021-08-04 10:38:00,1628095080
"223","344C7834 2021-08-04 16:39:00","344C7834","2021-08-04","16:39:00",7,411453.665019254,4261608.30689624,411279.202663706,411628.127374802,4261457.09787364,4261759.51591885,2021-08-04 10:39:00,1628095140
"224","344C7834 2021-08-04 16:40:00","344C7834","2021-08-04","16:40:00",5,411465.405817401,4261709.3783866,411227.628572075,411703.183062726,4261448.06598666,4261970.69078653,2021-08-04 10:40:00,1628095200
"225","344C7834 2021-08-04 16:41:00","344C7834","2021-08-04","16:41:00",6,411505.777543189,4261628.11109532,411290.511711927,411721.04337445,4261428.85686549,4261827.36532514,2021-08-04 10:41:00,1628095260
"226","344C7834 2021-08-04 16:42:00","344C7834","2021-08-04","16:42:00",6,411482.825468437,4261620.53342039,411272.27082346,411693.380113414,4261428.79098996,4261812.27585082,2021-08-04 10:42:00,1628095320
"227","344C7834 2021-08-04 16:43:00","344C7834","2021-08-04","16:43:00",7,411491.994241118,4261634.4742395,411279.22872752,411704.759754716,4261449.95573821,4261818.99274078,2021-08-04 10:43:00,1628095380
"228","344C7834 2021-08-04 16:44:00","344C7834","2021-08-04","16:44:00",7,411473.078272654,4261599.13622574,411283.082662511,411663.073882798,4261435.12026134,4261763.15219015,2021-08-04 10:44:00,1628095440
"229","344C7834 2021-08-04 16:45:00","344C7834","2021-08-04","16:45:00",6,411488.965777423,4261616.29911462,411272.767947895,411705.163606951,4261417.57099868,4261815.02723057,2021-08-04 10:45:00,1628095500
"230","344C7834 2021-08-04 16:46:00","344C7834","2021-08-04","16:46:00",6,411483.107796936,4261615.72632072,411302.592269989,411663.623323884,4261451.04477026,4261780.40787118,2021-08-04 10:46:00,1628095560
"231","344C7834 2021-08-04 16:47:00","344C7834","2021-08-04","16:47:00",7,411493.893095272,4261596.59390921,411296.001444534,411691.784746011,4261411.91508091,4261781.27273751,2021-08-04 10:47:00,1628095620
"232","344C7834 2021-08-04 16:48:00","344C7834","2021-08-04","16:48:00",4,411253.987839421,4261746.42559467,411043.091780711,411464.883898131,4261488.27789981,4262004.57328953,2021-08-04 10:48:00,1628095680
"233","344C7834 2021-08-04 16:49:00","344C7834","2021-08-04","16:49:00",6,411204.227487193,4261870.71414224,411028.78553322,411379.669441166,4261679.86951624,4262061.55876823,2021-08-04 10:49:00,1628095740
"234","344C7834 2021-08-04 16:50:00","344C7834","2021-08-04","16:50:00",4,411388.171989574,4261811.51662106,411088.895220809,411687.44875834,4261529.07081021,4262093.96243192,2021-08-04 10:50:00,1628095800
"235","344C7834 2021-08-04 16:51:00","344C7834","2021-08-04","16:51:00",4,411224.739970392,4261793.67453857,411108.559303972,411340.920636811,4261651.200128,4261936.14894915,2021-08-04 10:51:00,1628095860
"236","344C7834 2021-08-04 16:52:00","344C7834","2021-08-04","16:52:00",4,411223.4289521,4261796.09415813,411108.909936364,411337.947967836,4261657.19937356,4261934.98894271,2021-08-04 10:52:00,1628095920
"237","344C7834 2021-08-04 16:53:00","344C7834","2021-08-04","16:53:00",4,411231.408394071,4261789.05238302,411139.68999288,411323.126795262,4261673.06992009,4261905.03484594,2021-08-04 10:53:00,1628095980
"238","344C7834 2021-08-04 16:54:00","344C7834","2021-08-04","16:54:00",4,411220.663593518,4261788.3097844,411108.456827967,411332.870359069,4261648.89631468,4261927.72325412,2021-08-04 10:54:00,1628096040
"239","344C7834 2021-08-04 16:55:00","344C7834","2021-08-04","16:55:00",4,411218.493252637,4261789.8622691,411084.222018092,411352.764487181,4261624.67129435,4261955.05324384,2021-08-04 10:55:00,1628096100
"240","344C7834 2021-08-04 16:56:00","344C7834","2021-08-04","16:56:00",4,411214.454174258,4261793.30046495,411070.110623591,411358.797724924,4261618.91710571,4261967.68382419,2021-08-04 10:56:00,1628096160
"241","344C7834 2021-08-04 16:57:00","344C7834","2021-08-04","16:57:00",5,411336.104740122,4261737.92743093,411062.058908052,411610.150572192,4261428.04059699,4262047.81426486,2021-08-04 10:57:00,1628096220
"242","344C7834 2021-08-04 16:58:00","344C7834","2021-08-04","16:58:00",7,411197.786635222,4261726.60177252,411093.988455905,411301.58481454,4261613.41001902,4261839.79352602,2021-08-04 10:58:00,1628096280
"243","344C7834 2021-08-04 16:59:00","344C7834","2021-08-04","16:59:00",7,411161.346938533,4261780.43095887,411031.628074139,411291.065802928,4261666.27093725,4261894.59098049,2021-08-04 10:59:00,1628096340
"244","344C7834 2021-08-04 17:00:00","344C7834","2021-08-04","17:00:00",6,411193.690816813,4261826.63591913,411019.591660569,411367.789973057,4261649.34238304,4262003.92945523,2021-08-04 11:00:00,1628096400
"245","344C7834 2021-08-04 17:01:00","344C7834","2021-08-04","17:01:00",6,411252.950620047,4261811.31572745,411117.708050261,411388.193189832,4261698.22092217,4261924.41053274,2021-08-04 11:01:00,1628096460
"246","344C7834 2021-08-04 17:02:00","344C7834","2021-08-04","17:02:00",6,411203.547868453,4261781.71764166,411017.707378093,411389.388358813,4261587.36010642,4261976.07517689,2021-08-04 11:02:00,1628096520
"247","344C7834 2021-08-04 17:03:00","344C7834","2021-08-04","17:03:00",3,411285.998168801,4261820.35499554,409874.088147106,412697.908190497,4260452.37418146,4263188.33580963,2021-08-04 11:03:00,1628096580
"248","344C7834 2021-08-04 17:04:00","344C7834","2021-08-04","17:04:00",4,411267.254579925,4261755.75191004,410790.837365253,411743.671794597,4261359.78067166,4262151.72314841,2021-08-04 11:04:00,1628096640
"249","344C7834 2021-08-04 17:05:00","344C7834","2021-08-04","17:05:00",3,411196.346764026,4261807.10385765,404615.472712445,417777.220815607,4257854.31637713,4265759.89133816,2021-08-04 11:05:00,1628096700
"250","344C7834 2021-08-04 17:06:00","344C7834","2021-08-04","17:06:00",4,411305.851224636,4261806.48486672,410900.239539228,411711.462910044,4261447.87769883,4262165.09203461,2021-08-04 11:06:00,1628096760
"251","344C7834 2021-08-04 17:07:00","344C7834","2021-08-04","17:07:00",4,411272.786510136,4261820.89241016,410972.150508799,411573.422511472,4261583.09370582,4262058.6911145,2021-08-04 11:07:00,1628096820
"252","344C7834 2021-08-04 17:08:00","344C7834","2021-08-04","17:08:00",4,411368.985444733,4261767.2092158,410654.592389132,412083.378500334,4261016.4380533,4262517.9803783,2021-08-04 11:08:00,1628096880
"253","344C7834 2021-08-04 17:09:00","344C7834","2021-08-04","17:09:00",3,411236.196815072,4261843.93125463,400847.770645311,421624.622984834,4255728.71127579,4267959.15123347,2021-08-04 11:09:00,1628096940
"254","344C7834 2021-08-04 17:10:00","344C7834","2021-08-04","17:10:00",6,411225.471150462,4261884.25291858,411076.43033162,411374.511969304,4261679.9840425,4262088.52179466,2021-08-04 11:10:00,1628097000
"255","344C7834 2021-08-04 17:11:00","344C7834","2021-08-04","17:11:00",5,411224.176336122,4261909.54126254,411085.730194599,411362.622477644,4261762.07554667,4262057.00697841,2021-08-04 11:11:00,1628097060
"256","344C7834 2021-08-04 17:12:00","344C7834","2021-08-04","17:12:00",5,411170.264701958,4261975.36630862,410974.730495034,411365.798908883,4261800.40019163,4262150.33242561,2021-08-04 11:12:00,1628097120
"257","344C7834 2021-08-04 17:13:00","344C7834","2021-08-04","17:13:00",5,411153.496440648,4261993.31918186,411010.07240648,411296.920474817,4261871.25058113,4262115.38778259,2021-08-04 11:13:00,1628097180
"258","344C7834 2021-08-04 17:14:00","344C7834","2021-08-04","17:14:00",5,411157.345037913,4261991.33350128,411000.56456634,411314.125509486,4261857.92464976,4262124.74235279,2021-08-04 11:14:00,1628097240
"259","344C7834 2021-08-04 17:15:00","344C7834","2021-08-04","17:15:00",5,411157.426775962,4261972.75113726,410979.144849587,411335.708702338,4261813.67928497,4262131.82298955,2021-08-04 11:15:00,1628097300
"260","344C7834 2021-08-04 17:16:00","344C7834","2021-08-04","17:16:00",5,411151.37107645,4262000.19866436,411006.768942106,411295.973210793,4261877.48292745,4262122.91440126,2021-08-04 11:16:00,1628097360
"261","344C7834 2021-08-04 17:17:00","344C7834","2021-08-04","17:17:00",5,411163.294232893,4261994.65441899,411004.633456243,411321.955009544,4261861.08942287,4262128.2194151,2021-08-04 11:17:00,1628097420
"262","344C7834 2021-08-04 17:18:00","344C7834","2021-08-04","17:18:00",5,411177.541351555,4261993.59851933,411001.341262218,411353.741440892,4261825.1403826,4262162.05665607,2021-08-04 11:18:00,1628097480
"263","344C7834 2021-08-04 17:19:00","344C7834","2021-08-04","17:19:00",7,411133.732580481,4261904.79944344,411024.607536873,411242.857624089,4261777.24169516,4262032.35719172,2021-08-04 11:19:00,1628097540
"264","344C7834 2021-08-04 17:20:00","344C7834","2021-08-04","17:20:00",6,411150.484280458,4261940.25170953,411017.516877949,411283.451682967,4261799.7534399,4262080.74997917,2021-08-04 11:20:00,1628097600
"265","344C7834 2021-08-04 17:21:00","344C7834","2021-08-04","17:21:00",7,411204.273602866,4262060.4132888,411053.258096756,411355.289108976,4261889.2199395,4262231.60663809,2021-08-04 11:21:00,1628097660
"266","344C7834 2021-08-04 17:22:00","344C7834","2021-08-04","17:22:00",7,411194.827859978,4262062.93502056,411042.107948823,411347.547771132,4261894.67108361,4262231.19895751,2021-08-04 11:22:00,1628097720
"267","344C7834 2021-08-04 17:23:00","344C7834","2021-08-04","17:23:00",7,411208.118940751,4262029.7232104,411098.664335398,411317.573546103,4261917.62592882,4262141.82049198,2021-08-04 11:23:00,1628097780
"268","344C7834 2021-08-04 17:24:00","344C7834","2021-08-04","17:24:00",7,411189.487231799,4262046.44247317,411074.293438574,411304.681025025,4261926.25608642,4262166.62885993,2021-08-04 11:24:00,1628097840
"269","344C7834 2021-08-04 17:25:00","344C7834","2021-08-04","17:25:00",7,411120.449204687,4262077.24263154,410969.675878064,411271.222531309,4261912.5834067,4262241.90185639,2021-08-04 11:25:00,1628097900
"270","344C7834 2021-08-04 17:26:00","344C7834","2021-08-04","17:26:00",7,411144.499559184,4262074.76275976,410978.366593102,411310.632525266,4261900.98565001,4262248.53986952,2021-08-04 11:26:00,1628097960
"271","344C7834 2021-08-04 17:27:00","344C7834","2021-08-04","17:27:00",7,411147.990609552,4262075.08039435,410989.326304179,411306.654914926,4261911.81343103,4262238.34735767,2021-08-04 11:27:00,1628098020
"272","344C7834 2021-08-04 17:28:00","344C7834","2021-08-04","17:28:00",7,411150.731466951,4262073.17016133,411008.523746484,411292.939187418,4261926.78377304,4262219.55654963,2021-08-04 11:28:00,1628098080
"273","344C7834 2021-08-04 17:29:00","344C7834","2021-08-04","17:29:00",6,411155.449336672,4262029.57123364,411011.740176441,411299.158496903,4261878.29492322,4262180.84754407,2021-08-04 11:29:00,1628098140
"274","344C7834 2021-08-04 17:30:00","344C7834","2021-08-04","17:30:00",7,411146.61328006,4262084.31936446,410994.322242842,411298.904317279,4261935.0833804,4262233.55534852,2021-08-04 11:30:00,1628098200
"275","344C7834 2021-08-04 17:31:00","344C7834","2021-08-04","17:31:00",7,411183.040824926,4262086.97561632,411097.787056942,411268.294592909,4262013.42797539,4262160.52325725,2021-08-04 11:31:00,1628098260
"276","344C7834 2021-08-04 17:32:00","344C7834","2021-08-04","17:32:00",5,411205.023872353,4262005.09444447,410991.155561133,411418.892183573,4261805.76557685,4262204.42331209,2021-08-04 11:32:00,1628098320
"277","344C7834 2021-08-04 17:33:00","344C7834","2021-08-04","17:33:00",5,411175.095227614,4261853.6203699,410927.249255358,411422.941199869,4261578.6160471,4262128.6246927,2021-08-04 11:33:00,1628098380
"278","344C7834 2021-08-04 17:34:00","344C7834","2021-08-04","17:34:00",5,411181.630272527,4261821.40746346,410879.408036052,411483.852509002,4261530.70789576,4262112.10703117,2021-08-04 11:34:00,1628098440
"279","344C7834 2021-08-04 17:35:00","344C7834","2021-08-04","17:35:00",4,411139.324419108,4261890.66467023,410885.542426939,411393.106411276,4261556.88195877,4262224.44738169,2021-08-04 11:35:00,1628098500
"280","344C7834 2021-08-04 17:36:00","344C7834","2021-08-04","17:36:00",4,411134.901767577,4261898.72418298,410864.864104429,411404.939430725,4261539.9463144,4262257.50205156,2021-08-04 11:36:00,1628098560
"281","344C7834 2021-08-04 17:37:00","344C7834","2021-08-04","17:37:00",4,411186.056777275,4261925.23631477,411076.723010443,411295.390544107,4261785.23381354,4262065.238816,2021-08-04 11:37:00,1628098620
"282","344C7834 2021-08-04 17:38:00","344C7834","2021-08-04","17:38:00",4,411138.897668581,4261904.20520105,410876.008517358,411401.786819804,4261555.98335544,4262252.42704666,2021-08-04 11:38:00,1628098680
"283","344C7834 2021-08-04 17:39:00","344C7834","2021-08-04","17:39:00",4,411192.702075915,4261965.22935426,410940.20844663,411445.1957052,4261772.67400524,4262157.78470328,2021-08-04 11:39:00,1628098740
"284","344C7834 2021-08-04 17:40:00","344C7834","2021-08-04","17:40:00",5,411179.520594473,4261949.62212465,411101.883775733,411257.157413214,4261881.79876088,4262017.44548842,2021-08-04 11:40:00,1628098800
"285","344C7834 2021-08-04 17:41:00","344C7834","2021-08-04","17:41:00",7,411191.639225864,4262048.41925657,411049.398170471,411333.880281257,4261894.1478029,4262202.69071023,2021-08-04 11:41:00,1628098860
"286","344C7834 2021-08-04 17:42:00","344C7834","2021-08-04","17:42:00",7,411120.919942669,4262061.42287401,411012.879115768,411228.96076957,4261939.22722421,4262183.61852381,2021-08-04 11:42:00,1628098920
"287","344C7834 2021-08-04 17:43:00","344C7834","2021-08-04","17:43:00",5,411070.494616095,4262007.93779753,410981.362332883,411159.626899307,4261939.85556481,4262076.02003025,2021-08-04 11:43:00,1628098980
"288","344C7834 2021-08-04 17:44:00","344C7834","2021-08-04","17:44:00",5,411137.875104404,4262051.14873799,411107.261693693,411168.488515116,4262018.3538616,4262083.94361438,2021-08-04 11:44:00,1628099040
"289","344C7834 2021-08-04 17:45:00","344C7834","2021-08-04","17:45:00",6,411138.88886646,4262065.61487805,410985.781675517,411291.996057403,4261919.14301748,4262212.08673863,2021-08-04 11:45:00,1628099100
"290","344C7834 2021-08-04 17:46:00","344C7834","2021-08-04","17:46:00",5,411091.216782279,4262180.1133323,410863.638507066,411318.795057492,4261938.44211698,4262421.78454762,2021-08-04 11:46:00,1628099160
"291","344C7834 2021-08-04 17:47:00","344C7834","2021-08-04","17:47:00",5,411096.546236629,4262181.32805134,410874.686833577,411318.405639681,4261942.82447268,4262419.83163,2021-08-04 11:47:00,1628099220
"292","344C7834 2021-08-04 17:48:00","344C7834","2021-08-04","17:48:00",4,411075.926709559,4262170.3338909,410667.498358841,411484.355060278,4261792.87948682,4262547.78829497,2021-08-04 11:48:00,1628099280
"293","344C7834 2021-08-04 17:49:00","344C7834","2021-08-04","17:49:00",5,411116.331906997,4262184.73246958,410925.198283088,411307.465530907,4261966.27426348,4262403.19067568,2021-08-04 11:49:00,1628099340
"294","344C7834 2021-08-04 17:50:00","344C7834","2021-08-04","17:50:00",5,411102.390824446,4262214.04884139,410845.813037166,411358.968611725,4261903.89423573,4262524.20344704,2021-08-04 11:50:00,1628099400
"295","344C7834 2021-08-04 17:51:00","344C7834","2021-08-04","17:51:00",5,411084.520323249,4262198.99427553,410841.355615508,411327.68503099,4261945.18060829,4262452.80794277,2021-08-04 11:51:00,1628099460
"296","344C7834 2021-08-04 17:52:00","344C7834","2021-08-04","17:52:00",7,411201.375331713,4262112.79899084,411081.930191608,411320.820471819,4262006.53995028,4262219.0580314,2021-08-04 11:52:00,1628099520
"297","344C7834 2021-08-04 17:53:00","344C7834","2021-08-04","17:53:00",7,411203.695417011,4262135.64861734,411061.590075678,411345.800758344,4262011.98743212,4262259.30980255,2021-08-04 11:53:00,1628099580
"298","344C7834 2021-08-04 17:54:00","344C7834","2021-08-04","17:54:00",5,411106.356942796,4262194.0000499,410886.51887914,411326.195006453,4261944.67272963,4262443.32737018,2021-08-04 11:54:00,1628099640
"299","344C7834 2021-08-04 17:55:00","344C7834","2021-08-04","17:55:00",5,411099.298804565,4262193.95807495,410986.140590866,411212.457018264,4262069.37790026,4262318.53824964,2021-08-04 11:55:00,1628099700
"300","344C7834 2021-08-04 17:56:00","344C7834","2021-08-04","17:56:00",5,411034.889895039,4262201.75248914,410875.198116241,411194.581673838,4262009.70762095,4262393.79735733,2021-08-04 11:56:00,1628099760
"301","344C7834 2021-08-04 17:57:00","344C7834","2021-08-04","17:57:00",5,410978.019788425,4262208.31867882,410890.14893666,411065.89064019,4262084.63865164,4262331.998706,2021-08-04 11:57:00,1628099820
"302","344C7834 2021-08-04 17:58:00","344C7834","2021-08-04","17:58:00",5,410982.066560879,4262211.23317509,410895.79868042,411068.334441338,4262088.85342704,4262333.61292315,2021-08-04 11:58:00,1628099880
"303","344C7834 2021-08-04 17:59:00","344C7834","2021-08-04","17:59:00",5,410987.084470782,4262204.12458472,410896.681709436,411077.487232128,4262080.58998248,4262327.65918696,2021-08-04 11:59:00,1628099940
"304","344C7834 2021-08-04 18:00:00","344C7834","2021-08-04","18:00:00",3,410963.762186707,4262207.52476869,410316.239593038,411611.284780375,4261453.71082326,4262961.33871412,2021-08-04 12:00:00,1628100000
"305","344C7834 2021-08-04 18:01:00","344C7834","2021-08-04","18:01:00",5,410966.725258979,4262239.34249831,410826.250844152,411107.199673805,4262020.57483004,4262458.11016657,2021-08-04 12:01:00,1628100060
"306","344C7834 2021-08-04 18:02:00","344C7834","2021-08-04","18:02:00",4,410979.068931417,4262188.28683545,410685.313498232,411272.824364602,4261824.84750406,4262551.72616685,2021-08-04 12:02:00,1628100120
"307","344C7834 2021-08-04 18:03:00","344C7834","2021-08-04","18:03:00",5,410991.065930078,4262258.71100716,410765.095118889,411217.036741267,4261924.269403,4262593.15261132,2021-08-04 12:03:00,1628100180
"308","344C7834 2021-08-04 18:04:00","344C7834","2021-08-04","18:04:00",5,410999.399489549,4262253.30421652,410816.441684161,411182.357294937,4261980.34596975,4262526.26246329,2021-08-04 12:04:00,1628100240
"309","344C7834 2021-08-04 18:05:00","344C7834","2021-08-04","18:05:00",5,411076.775267836,4261942.60135168,410784.623094303,411368.927441368,4261706.52909751,4262178.67360584,2021-08-04 12:05:00,1628100300
"310","344C7834 2021-08-04 18:06:00","344C7834","2021-08-04","18:06:00",5,411048.738596335,4262046.49265612,410919.292378724,411178.184813945,4261925.43343625,4262167.55187599,2021-08-04 12:06:00,1628100360
"311","344C7834 2021-08-04 18:07:00","344C7834","2021-08-04","18:07:00",7,411056.98796148,4262010.55500791,410976.81024233,411137.165680629,4261928.25534575,4262092.85467006,2021-08-04 12:07:00,1628100420
"312","344C7834 2021-08-04 18:08:00","344C7834","2021-08-04","18:08:00",5,411025.035391035,4262018.6153306,410845.386572434,411204.684209636,4261841.07125199,4262196.15940922,2021-08-04 12:08:00,1628100480
"313","344C7834 2021-08-04 18:09:00","344C7834","2021-08-04","18:09:00",5,411053.013380843,4262008.43862752,410935.804817289,411170.221944397,4261886.94375574,4262129.9334993,2021-08-04 12:09:00,1628100540
"314","344C7834 2021-08-04 18:10:00","344C7834","2021-08-04","18:10:00",5,411029.674268345,4262018.63728548,410907.358600837,411151.989935852,4261859.42126006,4262177.85331091,2021-08-04 12:10:00,1628100600
"315","344C7834 2021-08-04 18:11:00","344C7834","2021-08-04","18:11:00",6,410969.090236232,4262028.0929538,410790.541930695,411147.63854177,4261854.6365623,4262201.54934531,2021-08-04 12:11:00,1628100660
"316","344C7834 2021-08-04 18:12:00","344C7834","2021-08-04","18:12:00",7,410970.225610294,4261926.69276601,410776.461830443,411163.989390145,4261735.32302824,4262118.06250378,2021-08-04 12:12:00,1628100720
"317","344C7834 2021-08-04 18:13:00","344C7834","2021-08-04","18:13:00",7,410923.083466348,4261912.16606127,410741.189986662,411104.976946033,4261709.58833492,4262114.74378761,2021-08-04 12:13:00,1628100780
"318","344C7834 2021-08-04 18:14:00","344C7834","2021-08-04","18:14:00",7,410890.101967905,4261901.12897871,410705.959363219,411074.244572591,4261700.4859787,4262101.77197872,2021-08-04 12:14:00,1628100840
"319","344C7834 2021-08-04 18:15:00","344C7834","2021-08-04","18:15:00",7,410898.488917191,4261900.34598353,410723.005465518,411073.972368865,4261707.22631055,4262093.46565652,2021-08-04 12:15:00,1628100900
"320","344C7834 2021-08-04 18:16:00","344C7834","2021-08-04","18:16:00",7,410912.077788805,4261887.7954427,410754.60029245,411069.55528516,4261721.78131053,4262053.80957487,2021-08-04 12:16:00,1628100960
"321","344C7834 2021-08-04 18:17:00","344C7834","2021-08-04","18:17:00",7,410901.489798691,4261924.52582013,410736.671951402,411066.30764598,4261757.88672051,4262091.16491975,2021-08-04 12:17:00,1628101020
"322","344C7834 2021-08-04 18:18:00","344C7834","2021-08-04","18:18:00",5,410989.522489862,4261814.80754536,410842.139754718,411136.905225006,4261689.58399727,4261940.03109344,2021-08-04 12:18:00,1628101080
"323","344C7834 2021-08-04 18:19:00","344C7834","2021-08-04","18:19:00",5,410996.064050489,4261841.14943814,410824.778378588,411167.349722389,4261682.23150541,4262000.06737088,2021-08-04 12:19:00,1628101140
"324","344C7834 2021-08-04 18:20:00","344C7834","2021-08-04","18:20:00",6,411024.97191315,4261921.1551567,410842.497180011,411207.446646289,4261698.32711624,4262143.98319716,2021-08-04 12:20:00,1628101200
"325","344C7834 2021-08-04 18:21:00","344C7834","2021-08-04","18:21:00",6,411068.126239371,4261948.18622368,410827.868680185,411308.383798557,4261711.76707294,4262184.60537443,2021-08-04 12:21:00,1628101260
"326","344C7834 2021-08-04 18:22:00","344C7834","2021-08-04","18:22:00",7,411079.407747056,4261894.61641349,410892.456956464,411266.358537649,4261718.20523919,4262071.0275878,2021-08-04 12:22:00,1628101320
"327","344C7834 2021-08-04 18:23:00","344C7834","2021-08-04","18:23:00",7,411142.315077592,4261896.85856641,411060.852772579,411223.777382605,4261801.67984685,4261992.03728597,2021-08-04 12:23:00,1628101380
"328","344C7834 2021-08-04 18:24:00","344C7834","2021-08-04","18:24:00",5,411342.492887077,4261686.57640871,411193.403360225,411491.58241393,4261535.20148265,4261837.95133477,2021-08-04 12:24:00,1628101440
"329","344C7834 2021-08-04 18:25:00","344C7834","2021-08-04","18:25:00",7,411030.712573266,4261906.0711105,410915.194490592,411146.23065594,4261771.25821472,4262040.88400628,2021-08-04 12:25:00,1628101500
"330","344C7834 2021-08-04 18:26:00","344C7834","2021-08-04","18:26:00",5,411221.166202807,4261677.65364876,410922.276202721,411520.056202893,4261367.44905533,4261987.8582422,2021-08-04 12:26:00,1628101560
"331","344C7834 2021-08-04 18:27:00","344C7834","2021-08-04","18:27:00",5,411215.395595237,4261793.28710875,411097.84484183,411332.946348645,4261649.23290046,4261937.34131705,2021-08-04 12:27:00,1628101620
"332","344C7834 2021-08-04 18:28:00","344C7834","2021-08-04","18:28:00",5,411199.014704894,4261793.05158644,411096.923879196,411301.105530592,4261673.3077508,4261912.79542208,2021-08-04 12:28:00,1628101680
"333","344C7834 2021-08-04 18:29:00","344C7834","2021-08-04","18:29:00",5,411204.63570729,4261790.1163295,411084.877197468,411324.394217111,4261647.62642343,4261932.60623557,2021-08-04 12:29:00,1628101740
"334","344C7834 2021-08-04 18:30:00","344C7834","2021-08-04","18:30:00",5,411174.486947641,4261778.87714583,411013.487618039,411335.486277244,4261603.59766755,4261954.15662412,2021-08-04 12:30:00,1628101800
"335","344C7834 2021-08-04 18:31:00","344C7834","2021-08-04","18:31:00",5,411179.664532733,4261789.77129606,411042.819893282,411316.509172184,4261636.50006957,4261943.04252255,2021-08-04 12:31:00,1628101860
"336","344C7834 2021-08-04 18:32:00","344C7834","2021-08-04","18:32:00",5,411344.666051903,4261672.66554389,411205.88802563,411483.444078176,4261532.89425155,4261812.43683623,2021-08-04 12:32:00,1628101920
"337","344C7834 2021-08-04 18:33:00","344C7834","2021-08-04","18:33:00",5,411186.956707029,4261790.80439577,411049.743612959,411324.169801099,4261634.81496857,4261946.79382298,2021-08-04 12:33:00,1628101980
"338","344C7834 2021-08-04 18:34:00","344C7834","2021-08-04","18:34:00",5,411188.462377461,4261785.46480775,411056.717728997,411320.207025924,4261636.31854972,4261934.61106577,2021-08-04 12:34:00,1628102040
"339","344C7834 2021-08-04 18:35:00","344C7834","2021-08-04","18:35:00",5,411156.663434242,4261801.97923464,411049.910463594,411263.416404891,4261680.30339993,4261923.65506935,2021-08-04 12:35:00,1628102100
"340","344C7834 2021-08-04 18:36:00","344C7834","2021-08-04","18:36:00",5,411146.655744893,4261848.02583341,411002.765975604,411290.545514182,4261720.31078279,4261975.74088404,2021-08-04 12:36:00,1628102160
"341","344C7834 2021-08-04 18:37:00","344C7834","2021-08-04","18:37:00",4,410964.587271018,4261821.46662613,410765.105697443,411164.068844593,4261513.64319486,4262129.29005739,2021-08-04 12:37:00,1628102220
"342","344C7834 2021-08-04 18:38:00","344C7834","2021-08-04","18:38:00",3,410958.222125472,4261917.59534804,410573.446101519,411342.998149425,4261048.59405097,4262786.59664512,2021-08-04 12:38:00,1628102280
"343","344C7834 2021-08-04 18:41:00","344C7834","2021-08-04","18:41:00",5,411193.748034577,4261676.65981604,411028.315380067,411359.180689087,4261526.61461537,4261826.70501671,2021-08-04 12:41:00,1628102460
"344","344C7834 2021-08-04 18:42:00","344C7834","2021-08-04","18:42:00",5,411137.779635781,4261773.8884998,410990.812762963,411284.746508599,4261602.80097146,4261944.97602814,2021-08-04 12:42:00,1628102520
"345","344C7834 2021-08-04 18:43:00","344C7834","2021-08-04","18:43:00",6,411110.187948731,4261920.70103131,410963.649029522,411256.726867941,4261748.8173035,4262092.58475912,2021-08-04 12:43:00,1628102580
"346","344C7834 2021-08-04 18:44:00","344C7834","2021-08-04","18:44:00",5,411169.895524913,4261779.29495551,410987.247806297,411352.543243529,4261580.90067601,4261977.68923501,2021-08-04 12:44:00,1628102640
"347","344C7834 2021-08-04 18:45:00","344C7834","2021-08-04","18:45:00",4,411058.378479849,4261853.86466388,410688.562044815,411428.194914883,4261539.67369147,4262168.05563628,2021-08-04 12:45:00,1628102700
"348","344C7834 2021-08-04 18:46:00","344C7834","2021-08-04","18:46:00",4,411189.040128289,4261811.21833139,410993.003549289,411385.076707289,4261559.46616191,4262062.97050088,2021-08-04 12:46:00,1628102760
"349","344C7834 2021-08-04 18:47:00","344C7834","2021-08-04","18:47:00",6,411074.640374186,4261822.06879131,410889.78374594,411259.497002432,4261682.85629106,4261961.28129156,2021-08-04 12:47:00,1628102820
"350","344C7834 2021-08-04 18:48:00","344C7834","2021-08-04","18:48:00",5,411036.599926919,4261851.09941426,410881.461709141,411191.738144697,4261707.34445945,4261994.85436907,2021-08-04 12:48:00,1628102880
"351","344C7834 2021-08-04 18:49:00","344C7834","2021-08-04","18:49:00",4,411185.414303411,4261841.74164745,411057.635506758,411313.193100063,4261681.39593787,4262002.08735702,2021-08-04 12:49:00,1628102940
"352","344C7834 2021-08-04 18:50:00","344C7834","2021-08-04","18:50:00",5,411068.959123178,4261837.81795463,410804.101188608,411333.817057748,4261653.16451188,4262022.47139738,2021-08-04 12:50:00,1628103000
"353","344C7834 2021-08-04 18:51:00","344C7834","2021-08-04","18:51:00",7,411000.585142335,4261900.89949342,410849.99180417,411151.178480499,4261723.33476829,4262078.46421854,2021-08-04 12:51:00,1628103060
"354","344C7834 2021-08-04 18:52:00","344C7834","2021-08-04","18:52:00",7,411173.487045475,4261754.61244379,411035.81571865,411311.1583723,4261635.52423878,4261873.7006488,2021-08-04 12:52:00,1628103120
"355","344C7834 2021-08-04 18:53:00","344C7834","2021-08-04","18:53:00",4,411062.077190319,4261707.79545902,410676.323989869,411447.830390768,4261381.75498687,4262033.83593118,2021-08-04 12:53:00,1628103180
"356","344C7834 2021-08-04 18:56:00","344C7834","2021-08-04","18:56:00",5,411148.829167985,4261664.76519933,411083.24529619,411214.413039781,4261608.45557147,4261721.07482719,2021-08-04 12:56:00,1628103360
"357","344C7834 2021-08-04 18:57:00","344C7834","2021-08-04","18:57:00",5,410963.025929643,4261261.40141744,410770.170750264,411155.881109023,4261067.81396441,4261454.98887047,2021-08-04 12:57:00,1628103420
"358","344C7834 2021-08-04 18:58:00","344C7834","2021-08-04","18:58:00",3,411016.543216519,4261282.33699708,408853.65849228,413179.427940758,4259099.20707455,4263465.46691962,2021-08-04 12:58:00,1628103480
"359","344C7834 2021-08-04 18:59:00","344C7834","2021-08-04","18:59:00",4,411004.591797996,4261249.68608707,410590.114273283,411419.069322709,4260917.2167086,4261582.15546554,2021-08-04 12:59:00,1628103540
"360","344C7834 2021-08-04 19:00:00","344C7834","2021-08-04","19:00:00",7,411170.986718232,4261359.06716382,410941.178830601,411400.794605862,4261141.59727394,4261576.5370537,2021-08-04 13:00:00,1628103600
"361","344C7834 2021-08-04 19:01:00","344C7834","2021-08-04","19:01:00",4,411019.483310147,4261256.98968302,410442.518861454,411596.44775884,4260764.04930075,4261749.93006529,2021-08-04 13:01:00,1628103660
"362","344C7834 2021-08-04 19:02:00","344C7834","2021-08-04","19:02:00",5,411019.304494939,4261271.95964986,410726.270099349,411312.338890528,4261035.92917195,4261507.99012777,2021-08-04 13:02:00,1628103720
"363","344C7834 2021-08-04 19:03:00","344C7834","2021-08-04","19:03:00",5,411035.553338078,4261250.97355102,410730.815298243,411340.291377912,4260962.36679897,4261539.58030306,2021-08-04 13:03:00,1628103780
"364","344C7834 2021-08-04 19:04:00","344C7834","2021-08-04","19:04:00",5,411036.095610843,4261255.41706505,410749.199521207,411322.991700478,4260989.61827718,4261521.21585292,2021-08-04 13:04:00,1628103840
"365","344C7834 2021-08-04 19:05:00","344C7834","2021-08-04","19:05:00",7,411204.582422285,4261352.75517781,411041.90917971,411367.25566486,4261170.83110071,4261534.67925491,2021-08-04 13:05:00,1628103900
"366","344C7834 2021-08-04 19:06:00","344C7834","2021-08-04","19:06:00",6,411205.519573319,4261046.50307552,411020.927060375,411390.112086263,4260847.80892946,4261245.19722158,2021-08-04 13:06:00,1628103960
"367","344C7834 2021-08-04 19:07:00","344C7834","2021-08-04","19:07:00",5,411202.45228879,4261026.47543417,411052.226646129,411352.67793145,4260877.44911917,4261175.50174918,2021-08-04 13:07:00,1628104020
"368","344C7834 2021-08-04 19:08:00","344C7834","2021-08-04","19:08:00",3,410938.098055777,4261006.90000785,410864.927772165,411011.268339389,4260896.41953461,4261117.3804811,2021-08-04 13:08:00,1628104080
"369","344C7834 2021-08-04 19:09:00","344C7834","2021-08-04","19:09:00",5,410601.128875771,4261168.0857055,410422.327075407,410779.930676136,4260960.02040628,4261376.15100473,2021-08-04 13:09:00,1628104140
"370","344C7834 2021-08-04 19:10:00","344C7834","2021-08-04","19:10:00",3,410666.228088119,4260957.24543209,410361.092305453,410971.363870785,4260472.02671361,4261442.46415056,2021-08-04 13:10:00,1628104200
"371","344C7834 2021-08-04 19:11:00","344C7834","2021-08-04","19:11:00",3,410634.01686784,4261993.31862723,410174.410345386,411093.623390294,4261469.53241142,4262517.10484304,2021-08-04 13:11:00,1628104260
"372","344C7834 2021-08-04 19:12:00","344C7834","2021-08-04","19:12:00",5,411248.22146579,4260944.56251862,411073.499564177,411422.943367403,4260736.62157545,4261152.50346179,2021-08-04 13:12:00,1628104320
"373","344C7834 2021-08-04 19:13:00","344C7834","2021-08-04","19:13:00",5,410986.535006751,4260972.59562538,410862.670597528,411110.399415974,4260837.39802043,4261107.79323033,2021-08-04 13:13:00,1628104380
"374","344C7834 2021-08-04 19:14:00","344C7834","2021-08-04","19:14:00",5,410990.591079388,4260973.62488452,410858.187524061,411122.994634715,4260825.78480691,4261121.46496213,2021-08-04 13:14:00,1628104440
"375","344C7834 2021-08-04 19:15:00","344C7834","2021-08-04","19:15:00",5,410988.867437578,4260980.73908985,410840.930031271,411136.804843885,4260814.79516632,4261146.68301339,2021-08-04 13:15:00,1628104500
"376","344C7834 2021-08-04 19:16:00","344C7834","2021-08-04","19:16:00",5,410964.429178968,4260990.20977469,410834.365426029,411094.492931907,4260865.03225348,4261115.3872959,2021-08-04 13:16:00,1628104560
"377","344C7834 2021-08-04 19:17:00","344C7834","2021-08-04","19:17:00",5,411292.336627365,4260900.41786994,411142.849267302,411441.823987429,4260662.5034574,4261138.33228249,2021-08-04 13:17:00,1628104620
"378","344C7834 2021-08-04 19:18:00","344C7834","2021-08-04","19:18:00",5,411271.353115888,4260925.33938707,411106.151024646,411436.55520713,4260745.38052803,4261105.29824611,2021-08-04 13:18:00,1628104680
"379","344C7834 2021-08-04 19:19:00","344C7834","2021-08-04","19:19:00",5,411283.779850481,4260927.7058692,411125.737308171,411441.822392792,4260739.57113323,4261115.84060517,2021-08-04 13:19:00,1628104740
"380","344C7834 2021-08-04 19:20:00","344C7834","2021-08-04","19:20:00",5,411279.572652995,4260925.61299477,411120.923268593,411438.222037397,4260742.40838312,4261108.81760643,2021-08-04 13:20:00,1628104800
"381","344C7834 2021-08-04 19:21:00","344C7834","2021-08-04","19:21:00",5,411271.629771802,4260926.7836378,411098.6341376,411444.625406004,4260737.90911614,4261115.65815947,2021-08-04 13:21:00,1628104860
"382","344C7834 2021-08-04 19:22:00","344C7834","2021-08-04","19:22:00",5,411279.241194059,4260929.20622575,411118.497311256,411439.985076861,4260745.73894772,4261112.67350377,2021-08-04 13:22:00,1628104920
"383","344C7834 2021-08-04 19:23:00","344C7834","2021-08-04","19:23:00",4,411062.824424154,4260932.02367319,410707.658114733,411417.990733575,4260434.85052532,4261429.19682105,2021-08-04 13:23:00,1628104980
"384","344C7834 2021-08-04 19:24:00","344C7834","2021-08-04","19:24:00",5,411263.863023559,4260931.84288323,411100.063393367,411427.662653752,4260751.37744391,4261112.30832256,2021-08-04 13:24:00,1628105040
"385","344C7834 2021-08-04 19:25:00","344C7834","2021-08-04","19:25:00",5,411266.062901583,4260927.49278609,411099.803377409,411432.322425758,4260746.44417934,4261108.54139284,2021-08-04 13:25:00,1628105100
"386","344C7834 2021-08-04 19:26:00","344C7834","2021-08-04","19:26:00",4,411335.472173901,4260913.52319956,411211.921035353,411459.023312448,4260755.1070809,4261071.93931822,2021-08-04 13:26:00,1628105160
"387","344C7834 2021-08-04 19:27:00","344C7834","2021-08-04","19:27:00",5,411270.229125111,4260927.83328055,411108.00366045,411432.454589773,4260751.19982779,4261104.46673331,2021-08-04 13:27:00,1628105220
"388","344C7834 2021-08-04 19:28:00","344C7834","2021-08-04","19:28:00",5,411268.782913554,4260932.3231439,411099.91473097,411437.651096138,4260747.57952043,4261117.06676737,2021-08-04 13:28:00,1628105280
"389","344C7834 2021-08-04 19:29:00","344C7834","2021-08-04","19:29:00",5,411254.327181679,4260931.24366926,411076.249634322,411432.404729036,4260723.26811183,4261139.2192267,2021-08-04 13:29:00,1628105340
"390","344C7834 2021-08-04 19:30:00","344C7834","2021-08-04","19:30:00",5,411255.086162244,4260933.81582604,411088.737131056,411421.435193433,4260741.45639465,4261126.17525744,2021-08-04 13:30:00,1628105400
"391","344C7834 2021-08-04 19:32:00","344C7834","2021-08-04","19:32:00",5,410997.710046569,4260973.64282718,410857.552370469,411137.867722668,4260811.43693711,4261135.84871725,2021-08-04 13:32:00,1628105520
"392","344C7834 2021-08-04 19:33:00","344C7834","2021-08-04","19:33:00",5,410997.753390234,4260970.3465119,410868.289878694,411127.216901774,4260821.58149802,4261119.11152578,2021-08-04 13:33:00,1628105580
"393","344C7834 2021-08-04 19:34:00","344C7834","2021-08-04","19:34:00",5,411009.264996509,4260935.07755905,410811.952069929,411206.57792309,4260707.1366312,4261163.0184869,2021-08-04 13:34:00,1628105640
"394","344C7834 2021-08-04 19:35:00","344C7834","2021-08-04","19:35:00",4,410974.015211978,4261007.66261909,410757.870978105,411190.15944585,4260748.41025131,4261266.91498686,2021-08-04 13:35:00,1628105700
"395","344C7834 2021-08-04 19:36:00","344C7834","2021-08-04","19:36:00",5,410994.49614297,4260980.73661958,410838.657931439,411150.334354501,4260799.58933351,4261161.88390564,2021-08-04 13:36:00,1628105760
"396","344C7834 2021-08-04 19:37:00","344C7834","2021-08-04","19:37:00",5,410991.248411414,4260979.36949546,410847.084859156,411135.411963671,4260815.7747044,4261142.96428652,2021-08-04 13:37:00,1628105820
"397","344C7834 2021-08-04 19:38:00","344C7834","2021-08-04","19:38:00",5,410988.71330689,4260980.35418577,410853.859281055,411123.567332726,4260829.39771876,4261131.31065279,2021-08-04 13:38:00,1628105880
"398","344C7834 2021-08-04 19:39:00","344C7834","2021-08-04","19:39:00",5,410992.543650718,4260981.09346402,410836.608647771,411148.478653665,4260801.7453332,4261160.44159485,2021-08-04 13:39:00,1628105940
"399","344C7834 2021-08-04 19:40:00","344C7834","2021-08-04","19:40:00",5,410990.028673052,4260983.10404452,410852.138530772,411127.918815332,4260826.02773782,4261140.18035121,2021-08-04 13:40:00,1628106000
"400","344C7834 2021-08-04 19:41:00","344C7834","2021-08-04","19:41:00",5,410983.066299661,4260985.359302,410844.997382188,411121.135217135,4260835.19872918,4261135.51987482,2021-08-04 13:41:00,1628106060
"401","344C7834 2021-08-04 19:42:00","344C7834","2021-08-04","19:42:00",5,410987.339233413,4260980.34412302,410852.538549211,411122.139917615,4260830.84097484,4261129.84727119,2021-08-04 13:42:00,1628106120
"402","344C7834 2021-08-04 19:43:00","344C7834","2021-08-04","19:43:00",5,410991.560716231,4260973.55984693,410859.808059462,411123.313373,4260825.70406201,4261121.41563185,2021-08-04 13:43:00,1628106180
"403","344C7834 2021-08-04 19:44:00","344C7834","2021-08-04","19:44:00",4,410980.148399121,4260990.07825067,410774.534341368,411185.762456874,4260769.40242509,4261210.75407626,2021-08-04 13:44:00,1628106240
"404","344C7834 2021-08-04 19:45:00","344C7834","2021-08-04","19:45:00",5,410996.668274756,4260965.08574476,410854.528346648,411138.808202864,4260803.77019991,4261126.4012896,2021-08-04 13:45:00,1628106300
"405","344C7834 2021-08-04 19:46:00","344C7834","2021-08-04","19:46:00",5,410991.149616376,4260974.45116007,410853.702989905,411128.596242847,4260820.30586492,4261128.59645522,2021-08-04 13:46:00,1628106360
"406","344C7834 2021-08-04 19:47:00","344C7834","2021-08-04","19:47:00",5,411241.395352704,4260924.66539653,411072.910519114,411409.880186294,4260696.68190725,4261152.6488858,2021-08-04 13:47:00,1628106420
"407","344C7834 2021-08-04 19:48:00","344C7834","2021-08-04","19:48:00",5,411242.008183236,4260924.9682441,411074.266636261,411409.749730211,4260699.59722301,4261150.33926518,2021-08-04 13:48:00,1628106480
"408","344C7834 2021-08-04 19:49:00","344C7834","2021-08-04","19:49:00",5,411252.661077697,4260920.30376643,411074.252653077,411431.069502317,4260697.03536539,4261143.57216747,2021-08-04 13:49:00,1628106540
"409","344C7834 2021-08-04 19:50:00","344C7834","2021-08-04","19:50:00",4,411071.34101561,4260929.14855447,410689.849710922,411452.832320299,4260441.40130574,4261416.89580321,2021-08-04 13:50:00,1628106600
"410","344C7834 2021-08-04 19:51:00","344C7834","2021-08-04","19:51:00",4,411068.807413381,4260927.34746728,410688.789729815,411448.825096947,4260424.02959399,4261430.66534057,2021-08-04 13:51:00,1628106660
"411","344C7834 2021-08-04 19:52:00","344C7834","2021-08-04","19:52:00",5,410975.826247332,4260989.17431968,410826.887980695,411124.764513969,4260836.07187862,4261142.27676073,2021-08-04 13:52:00,1628106720
"412","344C7834 2021-08-04 19:53:00","344C7834","2021-08-04","19:53:00",4,411017.716988978,4260993.00074866,410777.455456932,411257.978521024,4260616.79451857,4261369.20697876,2021-08-04 13:53:00,1628106780
"413","344C7834 2021-08-04 19:54:00","344C7834","2021-08-04","19:54:00",4,411029.5360697,4261009.79993642,410883.499053208,411175.573086192,4260776.21074314,4261243.3891297,2021-08-04 13:54:00,1628106840
"414","344C7834 2021-08-04 19:55:00","344C7834","2021-08-04","19:55:00",4,411026.822861078,4261009.48382078,410877.784928734,411175.860793422,4260769.44879686,4261249.5188447,2021-08-04 13:55:00,1628106900
"415","344C7834 2021-08-04 19:56:00","344C7834","2021-08-04","19:56:00",4,411044.448940118,4261010.01485775,410924.232809526,411164.66507071,4260825.12801229,4261194.90170321,2021-08-04 13:56:00,1628106960
"416","344C7834 2021-08-04 19:57:00","344C7834","2021-08-04","19:57:00",5,411064.737713143,4260964.38345026,410907.467683176,411222.007743109,4260785.74831491,4261143.01858562,2021-08-04 13:57:00,1628107020
"417","344C7834 2021-08-04 19:58:00","344C7834","2021-08-04","19:58:00",5,411078.937022254,4260991.73180204,410872.910223147,411284.963821362,4260670.72295949,4261312.74064459,2021-08-04 13:58:00,1628107080
"418","344C7834 2021-08-04 19:59:00","344C7834","2021-08-04","19:59:00",5,411023.851715143,4260983.4462558,410851.316357398,411196.387072889,4260685.76967726,4261281.12283434,2021-08-04 13:59:00,1628107140
"419","344C7834 2021-08-04 20:00:00","344C7834","2021-08-04","20:00:00",5,411069.168154958,4260970.55223005,410887.20069237,411251.135617545,4260760.06953509,4261181.034925,2021-08-04 14:00:00,1628107200
"420","344C7834 2021-08-04 20:01:00","344C7834","2021-08-04","20:01:00",6,411172.931712701,4261012.81305384,411035.492337447,411310.371087956,4260876.18429722,4261149.44181045,2021-08-04 14:01:00,1628107260
"421","344C7834 2021-08-04 20:02:00","344C7834","2021-08-04","20:02:00",7,411209.870445706,4261099.824999,411087.531365418,411332.209525994,4260976.96658348,4261222.68341452,2021-08-04 14:02:00,1628107320
"422","344C7834 2021-08-04 20:03:00","344C7834","2021-08-04","20:03:00",4,411229.833163123,4261570.69687303,410924.646885875,411535.01944037,4261375.76261193,4261765.63113413,2021-08-04 14:03:00,1628107380
"423","344C7834 2021-08-04 20:04:00","344C7834","2021-08-04","20:04:00",6,411175.57641567,4261146.70831545,411023.359421504,411327.793409835,4261015.84971634,4261277.56691457,2021-08-04 14:04:00,1628107440
"424","344C7834 2021-08-04 20:05:00","344C7834","2021-08-04","20:05:00",5,411182.633419838,4261128.41965191,410626.772882984,411738.493956692,4260711.53460466,4261545.30469916,2021-08-04 14:05:00,1628107500
"425","344C7834 2021-08-04 20:06:00","344C7834","2021-08-04","20:06:00",4,411214.371901333,4261276.02823885,411085.893701387,411342.850101279,4261194.55167133,4261357.50480637,2021-08-04 14:06:00,1628107560
"426","344C7834 2021-08-04 20:07:00","344C7834","2021-08-04","20:07:00",4,411221.991703331,4261258.37447338,410823.786658397,411620.196748265,4261008.31467644,4261508.43427032,2021-08-04 14:07:00,1628107620
"427","344C7834 2021-08-04 20:08:00","344C7834","2021-08-04","20:08:00",5,411138.050182517,4261302.60456489,411025.121587587,411250.978777448,4261194.15050675,4261411.05862304,2021-08-04 14:08:00,1628107680
"428","344C7834 2021-08-04 20:09:00","344C7834","2021-08-04","20:09:00",4,411170.092433581,4261291.87463931,411061.302253984,411278.882613179,4261206.17520618,4261377.57407244,2021-08-04 14:09:00,1628107740
"429","344C7834 2021-08-04 20:10:00","344C7834","2021-08-04","20:10:00",4,411177.256130482,4261264.30767476,411008.448588322,411346.063672642,4261113.74577785,4261414.86957166,2021-08-04 14:10:00,1628107800
"430","344C7834 2021-08-04 20:11:00","344C7834","2021-08-04","20:11:00",4,411162.507065901,4261253.38539518,410976.859701747,411348.154430055,4261078.94798936,4261427.822801,2021-08-04 14:11:00,1628107860
"431","344C7834 2021-08-04 20:12:00","344C7834","2021-08-04","20:12:00",3,411165.22179022,4261273.84256363,410745.52106486,411584.92251558,4260828.39748736,4261719.2876399,2021-08-04 14:12:00,1628107920
"432","344C7834 2021-08-04 20:13:00","344C7834","2021-08-04","20:13:00",4,411175.778979119,4261255.82816045,411042.219023379,411309.338934859,4261132.1434952,4261379.5128257,2021-08-04 14:13:00,1628107980
"433","344C7834 2021-08-04 20:14:00","344C7834","2021-08-04","20:14:00",4,411174.704103575,4261256.12726502,411042.054876092,411307.353331058,4261133.42185744,4261378.8326726,2021-08-04 14:14:00,1628108040
